0.0,0.0,0.0,0.0,0.0,0.0,0.0,0.0,0.0,0.0,0.0,0.0,0.0,0.0,0.0,0.0,0.0,0.0,0.0,0.0,0.0,0.0,0.0,0.0,0.0,0.0,0.0,0.0,0.0,0.0,0.0,0.0,0.0,0.0,0.0,0.0,0.0,0.0,0.0,0.0,0.0,0.0,0.0,0.0,0.0,0.0,0.0,0.0,0.0,0.0,0.0,0.0,0.0,0.0,0.0,0.0,0.0,0.0,0.0,0.0,0.60613338260565641,0.59117307696697552,0.58240484320652963,0.58678770820058801,0.59031730630532975,0.58957273682136468,0.58928727418846516,0.59122213211736407,0.59516747497357703,0.59720293416581405,0.6035404734745734,0.60639615637005118,0.61109316399236735,0.61327049861944338,0.61609438852059273,0.62107512259990205,0.62529459249932806,0.62743547886121753,0.63175979577797081,0.63514832728874782,0.63992035055787555,0.64022934548202592,0.64374674793071007,0.64622480811283922,0.64903988833089987,0.64936830209684537,0.65023002581229739,0.65156788926683507,0.65197274057951726,0.65326428410090986
0.0,0.0,0.0,0.0,0.0,0.0,0.0,0.0,0.0,0.0,0.0,0.0,0.0,0.0,0.0,0.0,0.0,0.0,0.0,0.0,0.0,0.0,0.0,0.0,0.0,0.0,0.0,0.0,0.0,0.0,0.0,0.0,0.0,0.0,0.0,0.0,0.0,0.0,0.0,0.0,0.0,0.0,0.0,0.0,0.0,0.0,0.0,0.0,0.0,0.0,0.0,0.0,0.0,0.0,0.0,0.0,0.0,0.0,0.0,0.0,0.62455602857552828,0.62198527313701835,0.62501772198995165,0.62399053639950519,0.62633104585061927,0.62540949459028561,0.62547452233184775,0.62519119735404316,0.62595856872108036,0.60816844609160448,0.60967112306180482,0.60964191770085596,0.61039623836446433,0.61013361120007914,0.61075655069646773,0.61217134799093842,0.61307100688269844,0.61119681571623952,0.61119681571623952,0.61017500825681847,0.60928288514500473,0.60829686635977842,0.60821951531173435,0.60815799133881998,0.60815799133881998,0.60923301974244981,0.60827370960436544,0.60930507273801127,0.60933502044953025,0.60933502044953025
0.0,0.0,0.0,0.0,0.0,0.0,0.0,0.0,0.0,0.0,0.0,0.0,0.0,0.0,0.0,0.0,0.0,0.0,0.0,0.0,0.0,0.0,0.0,0.0,0.0,0.0,0.0,0.0,0.0,0.0,0.0,0.0,0.0,0.0,0.0,0.0,0.0,0.0,0.0,0.0,0.0,0.0,0.0,0.0,0.0,0.0,0.0,0.0,0.0,0.0,0.0,0.0,0.0,0.0,0.0,0.0,0.0,0.0,0.0,0.0,0.59217470361578173,0.59345961457388785,0.59601920591638269,0.59421175942670845,0.59736695714815202,0.59566501873631206,0.59275822431731973,0.59232217873401449,0.59214641676173319,0.59211469113889781,0.58770208057438944,0.58575648808624092,0.58472001654115235,0.58575168480740902,0.58586894136350665,0.58747150996674791,0.57538350292709339,0.57535429756614453,0.57524713925961557,0.57521102756169162,0.57260854849199005,0.57260854849199005,0.57085508651983818,0.57170678056135116,0.5727389567408594,0.57684318857336492,0.57416267550834821,0.57502223338903224,0.57413774071766299,0.57399959022710334
0.0,0.0,0.0,0.0,0.0,0.0,0.0,0.0,0.0,0.0,0.0,0.0,0.0,0.0,0.0,0.0,0.0,0.0,0.0,0.0,0.0,0.0,0.0,0.0,0.0,0.0,0.0,0.0,0.0,0.0,0.0,0.0,0.0,0.0,0.0,0.0,0.0,0.0,0.0,0.0,0.0,0.0,0.0,0.0,0.0,0.0,0.0,0.0,0.0,0.0,0.0,0.0,0.0,0.0,0.0,0.0,0.0,0.0,0.0,0.0,0.63497337158992062,0.63299354820084808,0.63390380050436879,0.63534471184495611,0.63514975743870494,0.63422820617837095,0.63345110813281624,0.63149125461727507,0.63224537598356312,0.63154053247557074,0.62881016223179342,0.62699208728653055,0.62523982794175803,0.62507185142524646,0.62158768557274557,0.61923327806592432,0.62113326846151318,0.62011698767699464,0.61918767597336466,0.6172039772091954,0.61538188529100002,0.61538188529100002,0.61440911650652286,0.61427720506384909,0.60689913770973369,0.55862015610740523,0.59891642194920303,0.60573109956910576,0.60573109956910576,0.60833714586724486
0.0,0.0,0.0,0.0,0.0,0.0,0.0,0.0,0.0,0.0,0.0,0.0,0.0,0.0,0.0,0.0,0.0,0.0,0.0,0.0,0.0,0.0,0.0,0.0,0.0,0.0,0.0,0.0,0.0,0.0,0.0,0.0,0.0,0.0,0.0,0.0,0.0,0.0,0.0,0.0,0.0,0.0,0.0,0.0,0.0,0.0,0.0,0.0,0.0,0.0,0.0,0.0,0.0,0.0,0.0,0.0,0.0,0.0,0.0,0.0,0.65326285719541055,0.65052208018069912,0.65309775450854479,0.65038711936300331,0.65305977550567373,0.65032498638696912,0.65118064447826929,0.652212007611915,0.65491140717857788,0.65494847637869757,0.65221264678885582,0.65128585753490753,0.64950196463386967,0.64857453130082343,0.64857453130082343,0.65035174065245738,0.65156426708379767,0.6512963747960866,0.6542773970276462,0.6566247892083954,0.65573266609658165,0.65659124696148796,0.65664899698514467,0.65664211016175145,0.64933825964812797,0.65209286949818479,0.65826927344605812,0.65912883132674216,0.65912883132674216,0.66091272422778002
0.0,0.0,0.0,0.0,0.0,0.0,0.0,0.0,0.0,0.0,0.0,0.0,0.0,0.0,0.0,0.0,0.0,0.0,0.0,0.0,0.0,0.0,0.0,0.0,0.0,0.0,0.0,0.0,0.0,0.0,0.0,0.0,0.0,0.0,0.0,0.0,0.0,0.0,0.0,0.0,0.0,0.0,0.0,0.0,0.0,0.0,0.0,0.0,0.0,0.0,0.0,0.0,0.0,0.0,0.0,0.0,0.0,0.0,0.0,0.0,0.58053346861443644,0.57746546240261065,0.57918528701624838,0.57549662242768429,0.57217052357014897,0.58365614498455731,0.58533395647295849,0.58434952623464642,0.58690734547458967,0.58694928954264458,0.58573822118848928,0.58863028057442845,0.58982145717628898,0.5928946971688458,0.59561325116068542,0.60285573625913913,0.60669598475992936,0.60674266798597254,0.60932860401320321,0.60924677104798697,0.60953395426694001,0.61037287883552416,0.61157407732393954,0.61273294670093637,0.61413209710773087,0.614442027402612,0.61549387182651871,0.61933012089948092,0.61784550860681731,0.60594755276467738
0.0,0.0,0.0,0.0,0.0,0.0,0.0,0.0,0.0,0.0,0.0,0.0,0.0,0.0,0.0,0.0,0.0,0.0,0.0,0.0,0.0,0.0,0.0,0.0,0.0,0.0,0.0,0.0,0.0,0.0,0.0,0.0,0.0,0.0,0.0,0.0,0.0,0.0,0.0,0.0,0.0,0.0,0.0,0.0,0.0,0.0,0.0,0.0,0.0,0.0,0.0,0.0,0.0,0.0,0.0,0.0,0.0,0.0,0.0,0.0,0.63581571202377685,0.63560652822680352,0.63560652822680352,0.6351559790922563,0.64189421180884865,0.63959947679098594,0.63644935214237386,0.63445218283124272,0.63271696969224511,0.62695123974276967,0.621059758745098,0.60190753706833999,0.57529929121517454,0.57519806519280114,0.57689307943677892,0.58872179841279249,0.59491544461796453,0.6019254873290627,0.60919008749401038,0.61232718932345587,0.61563992453333016,0.61710481685939789,0.61632955131575151,0.61834889622068023,0.61693304710462749,0.61909563170995163,0.61658688636675996,0.61719401084083714,0.61693772932935564,0.61113293931208357
0.0,0.0,0.0,0.0,0.0,0.0,0.0,0.0,0.0,0.0,0.0,0.0,0.0,0.0,0.0,0.0,0.0,0.0,0.0,0.0,0.0,0.0,0.0,0.0,0.0,0.0,0.0,0.0,0.0,0.0,0.0,0.0,0.0,0.0,0.0,0.0,0.0,0.0,0.0,0.0,0.0,0.0,0.0,0.0,0.0,0.0,0.0,0.0,0.0,0.0,0.0,0.0,0.0,0.0,0.0,0.0,0.0,0.0,0.0,0.0,0.62978836501280278,0.6347250405647018,0.63811734466204728,0.64150475425147102,0.64762200201771603,0.65045056763373532,0.65722992669023006,0.65933744459429489,0.65842384715096469,0.65904066975407571,0.65754661203641507,0.66134501565926573,0.65994500817285595,0.66113739670479765,0.66167654860291947,0.66040588923473342,0.66063659957180487,0.66005367191041464,0.66194319949995895,0.66224829469631974,0.65998074860150469,0.66069322929558583,0.66069322929558583,0.66069322929558583,0.65888768274766629,0.6571703979153799,0.65483039536015353,0.65525956028847099,0.65447516299593489,0.65936416781517215
0.0,0.0,0.0,0.0,0.0,0.0,0.0,0.0,0.0,0.0,0.0,0.0,0.0,0.0,0.0,0.0,0.0,0.0,0.0,0.0,0.0,0.0,0.0,0.0,0.0,0.0,0.0,0.0,0.0,0.0,0.0,0.0,0.0,0.0,0.0,0.0,0.0,0.0,0.0,0.0,0.0,0.0,0.0,0.0,0.0,0.0,0.0,0.0,0.0,0.0,0.0,0.0,0.0,0.0,0.0,0.0,0.0,0.0,0.0,0.0,0.60874873120878081,0.60797298624534801,0.6075692153417469,0.60761557770382058,0.60895787626015896,0.61012918014954631,0.60985949471612522,0.61226392463992041,0.61420007935844001,0.61262730222156081,0.61377090220112074,0.61861764470909375,0.61900292246687372,0.61842350887210717,0.61941873416320892,0.61941859539454813,0.62004457759971032,0.6227524760817198,0.62607746798226416,0.62731029758525081,0.62795346175282207,0.62870550587591911,0.62781008813948602,0.62811908306363606,0.6395297977700608,0.66905904783843573,0.66641790269661849,0.66592542797935028,0.66794869129629009,0.66954716005604387
0.0,0.0,0.0,0.0,0.0,0.0,0.0,0.0,0.0,0.0,0.0,0.0,0.0,0.0,0.0,0.0,0.0,0.0,0.0,0.0,0.0,0.0,0.0,0.0,0.0,0.0,0.0,0.0,0.0,0.0,0.0,0.0,0.0,0.0,0.0,0.0,0.0,0.0,0.0,0.0,0.0,0.0,0.0,0.0,0.0,0.0,0.0,0.0,0.0,0.0,0.0,0.0,0.0,0.0,0.0,0.0,0.0,0.0,0.0,0.0,0.58798729406054295,0.58578943789160698,0.58665253247096982,0.58699608689976279,0.58601812517467555,0.58750083480683279,0.58460345818755555,0.59086506519268045,0.59164248441757261,0.59279842321125198,0.59196159880159571,0.59455976031719471,0.59437066737066691,0.59266852510792556,0.59374146670493966,0.59447275131288224,0.58988448119705361,0.5926248479889078,0.59423329015974913,0.59453680805910603,0.59310345784726703,0.59385550197036419,0.59394543203939221,0.58359261754890857,0.58877882073369425,0.61201306867496708,0.61105797367331205,0.61152260790628865,0.6122152497902037,0.6103774527628294
0.0,0.0,0.0,0.0,0.0,0.0,0.0,0.0,0.0,0.0,0.0,0.0,0.0,0.0,0.0,0.0,0.0,0.0,0.0,0.0,0.0,0.0,0.0,0.0,0.0,0.0,0.0,0.0,0.0,0.0,0.0,0.0,0.0,0.0,0.0,0.0,0.0,0.0,0.0,0.0,0.0,0.0,0.0,0.0,0.0,0.0,0.0,0.0,0.0,0.0,0.0,0.0,0.0,0.0,0.0,0.0,0.0,0.0,0.0,0.0,0.5870109206510421,0.58401756784225223,0.58311188964132077,0.58024021410668813,0.57657285787122103,0.57400465630296671,0.57088161592292874,0.57575536692065465,0.57754988679453367,0.57526979442593962,0.57227035321581965,0.57311637634514445,0.56931354452753657,0.56257085404440133,0.55692523899875856,0.54507264107810793,0.54721144759088769,0.55029949481507978,0.55680032888361775,0.56875035335193236,0.57537462756984437,0.58249234135127526,0.59249809084873339,0.59880507726641607,0.60438509809850216,0.60512264536690519,0.60251858246142198,0.60017692018556978,0.60545829420223607,0.60159324430048944
0.0,0.0,0.0,0.0,0.0,0.0,0.0,0.0,0.0,0.0,0.0,0.0,0.0,0.0,0.0,0.0,0.0,0.0,0.0,0.0,0.0,0.0,0.0,0.0,0.0,0.0,0.0,0.0,0.0,0.0,0.0,0.0,0.0,0.0,0.0,0.0,0.0,0.0,0.0,0.0,0.0,0.0,0.0,0.0,0.0,0.0,0.0,0.0,0.0,0.0,0.0,0.0,0.0,0.0,0.0,0.0,0.0,0.0,0.0,0.0,0.618417819393841,0.61840063425596392,0.62272488033437357,0.62385508071125706,0.62565273120663611,0.6330460210671075,0.63434287058112038,0.63549166755696473,0.6374824620284536,0.63573439808430643,0.63812612741782782,0.64183951283573959,0.64116124658841334,0.64080955539944995,0.63989500914947095,0.63978973342913381,0.63739611651762906,0.63898386896382531,0.63980154805225453,0.63980154805225453,0.63894588996095425,0.6389796759918086,0.63996502379726972,0.63996502379726972,0.64182626774635165,0.64182626774635165,0.64004237484531368,0.63825192697240751,0.64184941979000487,0.64664531694359473
0.0,0.0,0.0,0.0,0.0,0.0,0.0,0.0,0.0,0.0,0.0,0.0,0.0,0.0,0.0,0.0,0.0,0.0,0.0,0.0,0.0,0.0,0.0,0.0,0.0,0.0,0.0,0.0,0.0,0.0,0.0,0.0,0.0,0.0,0.0,0.0,0.0,0.0,0.0,0.0,0.0,0.0,0.0,0.0,0.0,0.0,0.0,0.0,0.0,0.0,0.0,0.0,0.0,0.0,0.0,0.0,0.0,0.0,0.0,0.0,0.61545552215399857,0.61271474513928725,0.61616529167065059,0.61757487250695919,0.61594634503966506,0.61617584100858502,0.61617584100858502,0.61548616608150974,0.61466393469959513,0.61300648881345232,0.61152402244250903,0.61162795224310851,0.61046986488578603,0.611321558927299,0.61066831489460427,0.6104723844065697,0.60771177161543755,0.60623442582811049,0.60511880240068372,0.60335209042778282,0.60251897954658618,0.60139110525399164,0.60137247719011178,0.59965127426317955,0.60203077045988207,0.60018465932035892,0.59833066780496291,0.59654021993205641,0.58976534725550855,0.59201741581749245
0.0,0.0,0.0,0.0,0.0,0.0,0.0,0.0,0.0,0.0,0.0,0.0,0.0,0.0,0.0,0.0,0.0,0.0,0.0,0.0,0.0,0.0,0.0,0.0,0.0,0.0,0.0,0.0,0.0,0.0,0.0,0.0,0.0,0.0,0.0,0.0,0.0,0.0,0.0,0.0,0.0,0.0,0.0,0.0,0.0,0.0,0.0,0.0,0.0,0.0,0.0,0.0,0.0,0.0,0.0,0.0,0.0,0.0,0.0,0.0,0.5802044211240428,0.58020891038857525,0.57952901876671103,0.58521329232256813,0.58516766791762509,0.5858630333299879,0.58679335451939363,0.58504053729489813,0.58298737431995262,0.58205688219559781,0.57684649698938861,0.57883752806088662,0.578674375493066,0.58126956828656673,0.58332634909981018,0.58393932422412476,0.58767579035930262,0.58715752063276139,0.58856147312874552,0.58766324576095874,0.57684866675884294,0.58931806058156422,0.58863176763429692,0.58945392103139815,0.59326411693912795,0.59237417728067121,0.58966031557325171,0.58874139751686105,0.59083306693215032,0.60835850461323049
0.0,0.0,0.0,0.0,0.0,0.0,0.0,0.0,0.0,0.0,0.0,0.0,0.0,0.0,0.0,0.0,0.0,0.0,0.0,0.0,0.0,0.0,0.0,0.0,0.0,0.0,0.0,0.0,0.0,0.0,0.0,0.0,0.0,0.0,0.0,0.0,0.0,0.0,0.0,0.0,0.0,0.0,0.0,0.0,0.0,0.0,0.0,0.0,0.0,0.0,0.0,0.0,0.0,0.0,0.0,0.0,0.0,0.0,0.0,0.0,0.59166736301309353,0.58963314348159412,0.58884183229920262,0.56438402567148382,0.56362612813450463,0.56541199858140079,0.56541199858140079,0.56264877044454065,0.5634529419442118,0.56413387034657869,0.56621508314686497,0.57215094856664672,0.57417591979341343,0.57936638285742548,0.5825012758376239,0.58392478861036889,0.58514003947183346,0.5864610878940193,0.58906932263757172,0.59303796781925022,0.58019948808431487,0.58281622637204522,0.58188533637982276,0.58270748977692399,0.5819151221490827,0.58589026075679407,0.58762135289759576,0.58910459161656148,0.59088848451759945,0.59171063791470058
0.0,0.0,0.0,0.0,0.0,0.0,0.0,0.0,0.0,0.0,0.0,0.0,0.0,0.0,0.0,0.0,0.0,0.0,0.0,0.0,0.0,0.0,0.0,0.0,0.0,0.0,0.0,0.0,0.0,0.0,0.0,0.0,0.0,0.0,0.0,0.0,0.0,0.0,0.0,0.0,0.0,0.0,0.0,0.0,0.0,0.0,0.0,0.0,0.0,0.0,0.0,0.0,0.0,0.0,0.0,0.0,0.0,0.0,0.0,0.0,0.58177258912155239,0.58221532825197353,0.58589744205923111,0.59178688065670204,0.59322296211520653,0.59856308205695175,0.60292988966819083,0.60389303446139164,0.60928593708475032,0.60799072296507539,0.60817842485572216,0.60800010819599526,0.60819284668511941,0.6090445407266325,0.60718235590454739,0.60547500377173424,0.60694389378341806,0.60420613013207491,0.60303028398235126,0.6001527281097242,0.60150126087250777,0.60051371903184869,0.60051198499505654,0.59972868767043397,0.58969649921765765,0.53943431905069805,0.54274307353517726,0.54264332127777681,0.54181424146265855,0.54263639485975967
0.0,0.0,0.0,0.0,0.0,0.0,0.0,0.0,0.0,0.0,0.0,0.0,0.0,0.0,0.0,0.0,0.0,0.0,0.0,0.0,0.0,0.0,0.0,0.0,0.0,0.0,0.0,0.0,0.0,0.0,0.0,0.0,0.0,0.0,0.0,0.0,0.0,0.0,0.0,0.0,0.0,0.0,0.0,0.0,0.0,0.0,0.0,0.0,0.0,0.0,0.0,0.0,0.0,0.0,0.0,0.0,0.0,0.0,0.0,0.0,0.58850998159423973,0.59173076531662683,0.5991039207235157,0.60199668751087254,0.60217230084830053,0.6121998875369995,0.61196207062244889,0.60981566508869978,0.61227236701856202,0.6120397388148191,0.60789800020883789,0.60851997558326643,0.60617406790585238,0.60396112668973601,0.59360401119538364,0.54980579158458909,0.55234686505176367,0.5589081591515902,0.57085652209890514,0.5790254975526653,0.58829313858993981,0.59694115493975819,0.60037319127132971,0.6021572114829209,0.60380096221143853,0.58791179928698245,0.58692523144533959,0.58682547918793915,0.58583868410251727,0.5866608374996185
0.0,0.0,0.0,0.0,0.0,0.0,0.0,0.0,0.0,0.0,0.0,0.0,0.0,0.0,0.0,0.0,0.0,0.0,0.0,0.0,0.0,0.0,0.0,0.0,0.0,0.0,0.0,0.0,0.0,0.0,0.0,0.0,0.0,0.0,0.0,0.0,0.0,0.0,0.0,0.0,0.0,0.0,0.0,0.0,0.0,0.0,0.0,0.0,0.0,0.0,0.0,0.0,0.0,0.0,0.0,0.0,0.0,0.0,0.0,0.0,0.56439759390307487,0.56347016057002874,0.56524736992166269,0.56529890869731969,0.56583936572745674,0.57334141890267565,0.57879329677429936,0.58170901836050026,0.58538384158289591,0.58760121566633494,0.59020278313818542,0.59519502658753132,0.59830565057035257,0.6009437259346827,0.6025926830045506,0.60108668605708215,0.60764733667885495,0.60478626194107632,0.60389413882926235,0.60360281705371222,0.60394950865851815,0.60394950865851815,0.60212477921845498,0.60411990458666454,0.60545803686342037,0.60669610219112668,0.60589209353705153,0.60675165141773546,0.60494047663587702,0.60315871164280044
0.0,0.0,0.0,0.0,0.0,0.0,0.0,0.0,0.0,0.0,0.0,0.0,0.0,0.0,0.0,0.0,0.0,0.0,0.0,0.0,0.0,0.0,0.0,0.0,0.0,0.0,0.0,0.0,0.0,0.0,0.0,0.0,0.0,0.0,0.0,0.0,0.0,0.0,0.0,0.0,0.0,0.0,0.0,0.0,0.0,0.0,0.0,0.0,0.0,0.0,0.0,0.0,0.0,0.0,0.0,0.0,0.0,0.0,0.0,0.0,0.59911923486840013,0.59769306056246252,0.5982566506743211,0.59643886795347145,0.59309758673346913,0.59489583340900642,0.58002382157605115,0.58082366107916805,0.58012227168436359,0.57833837878332561,0.5775860275854855,0.57844310747779004,0.57781511056706392,0.57524396950648271,0.57790463368401124,0.57174780150666282,0.56879170774837018,0.56668559584398193,0.56703119011990888,0.56774713478716343,0.57024682747636835,0.57440670627938606,0.57774496413542376,0.57505075545307616,0.57615098944277054,0.57733029577353756,0.57636200129773241,0.57697652127961996,0.57517964656478737,0.5539809041609689
0.0,0.0,0.0,0.0,0.0,0.0,0.0,0.0,0.0,0.0,0.0,0.0,0.0,0.0,0.0,0.0,0.0,0.0,0.0,0.0,0.0,0.0,0.0,0.0,0.0,0.0,0.0,0.0,0.0,0.0,0.0,0.0,0.0,0.0,0.0,0.0,0.0,0.0,0.0,0.0,0.0,0.0,0.0,0.0,0.0,0.0,0.0,0.0,0.0,0.0,0.0,0.0,0.0,0.0,0.0,0.0,0.0,0.0,0.0,0.0,0.611000840531017,0.61311808274044988,0.61150755072324903,0.60996587161067184,0.60580404754758765,0.60991732227507622,0.60824398509534694,0.60636814643014436,0.60628942891343784,0.60351825283381533,0.60069740245889003,0.60077263435981232,0.60001665348911104,0.59822620561620465,0.59812087672152192,0.59369658425046756,0.57638752938629967,0.54184376203948625,0.54002167012129088,0.53998619786550162,0.53909078012906841,0.53901470615838276,0.54173470285841197,0.5409516389276724,0.5408812280019748,0.53989394482339015,0.53892565034758499,0.53892565034758499,0.53703988113913903,0.53822011629108024
0.0,0.0,0.0,0.0,0.0,0.0,0.0,0.0,0.0,0.0,0.0,0.0,0.0,0.0,0.0,0.0,0.0,0.0,0.0,0.0,0.0,0.0,0.0,0.0,0.0,0.0,0.0,0.0,0.0,0.0,0.0,0.0,0.0,0.0,0.0,0.0,0.0,0.0,0.0,0.0,0.0,0.0,0.0,0.0,0.0,0.0,0.0,0.0,0.0,0.0,0.0,0.0,0.0,0.0,0.0,0.0,0.0,0.0,0.0,0.0,0.55733471389136469,0.56192799232354484,0.56471067717621837,0.56667808556553034,0.56787354420370806,0.57234971896792053,0.57196915898992173,0.57352383628065662,0.57448649725822543,0.57373585260738758,0.5725663906511862,0.57459166532294192,0.57477580089362212,0.57411799060884783,0.57488582486868889,0.57519608169322289,0.57877042246716726,0.57802978330388555,0.57615109235042872,0.57515630995655498,0.57327409713470001,0.57327409713470001,0.57506454500760629,0.57697503140401807,0.57855685468507745,0.58201274119473323,0.58083832882997288,0.58371722058974862,0.58776090335775855,0.59101402895292499
0.0,0.0,0.0,0.0,0.0,0.0,0.0,0.0,0.0,0.0,0.0,0.0,0.0,0.0,0.0,0.0,0.0,0.0,0.0,0.0,0.0,0.0,0.0,0.0,0.0,0.0,0.0,0.0,0.0,0.0,0.0,0.0,0.0,0.0,0.0,0.0,0.0,0.0,0.0,0.0,0.0,0.0,0.0,0.0,0.0,0.0,0.0,0.0,0.0,0.0,0.0,0.0,0.0,0.0,0.0,0.0,0.0,0.0,0.0,0.0,0.55555323788387367,0.55848916331035803,0.55896457172208891,0.55703464936679814,0.55727243138592719,0.56098057178079963,0.56009180853916674,0.56110287757802857,0.56233368125799754,0.56339934526919533,0.5681197495430832,0.56899052930887117,0.57086039842979297,0.57344935567157163,0.57625476325724745,0.57687202375434976,0.57907712005388245,0.5805632529126814,0.57997539693476541,0.58121572309990366,0.58577387109333667,0.58638534648048535,0.58534146049670277,0.58760957675710757,0.58852672597934041,0.5913470590875225,0.59409424218646789,0.59780270997767448,0.59695309997282209,0.59558629000903296
0.0,0.0,0.0,0.0,0.0,0.0,0.0,0.0,0.0,0.0,0.0,0.0,0.0,0.0,0.0,0.0,0.0,0.0,0.0,0.0,0.0,0.0,0.0,0.0,0.0,0.0,0.0,0.0,0.0,0.0,0.0,0.0,0.0,0.0,0.0,0.0,0.0,0.0,0.0,0.0,0.0,0.0,0.0,0.0,0.0,0.0,0.0,0.0,0.0,0.0,0.0,0.0,0.0,0.0,0.0,0.0,0.0,0.0,0.0,0.0,0.57208880395331829,0.5673583264743477,0.55422485396444621,0.55569476721020761,0.55750758559307112,0.55932959083914024,0.55649594131682312,0.55653040006953469,0.55676818208866385,0.55929549126246203,0.55740184411680704,0.5580820826192977,0.5619638157110417,0.56570656775142936,0.5698121610778224,0.57168131951343726,0.57694868100005137,0.57551572765125247,0.5780295061144034,0.5785979729033025,0.57952186282702389,0.5835673932203046,0.58332545222384524,0.58582198051169276,0.58798530513018077,0.58988025743374095,0.59349272139784215,0.59610222493296783,0.59573437034822041,0.59722052844398077
0.0,0.0,0.0,0.0,0.0,0.0,0.0,0.0,0.0,0.0,0.0,0.0,0.0,0.0,0.0,0.0,0.0,0.0,0.0,0.0,0.0,0.0,0.0,0.0,0.0,0.0,0.0,0.0,0.0,0.0,0.0,0.0,0.0,0.0,0.0,0.0,0.0,0.0,0.0,0.0,0.0,0.0,0.0,0.0,0.0,0.0,0.0,0.0,0.0,0.0,0.0,0.0,0.0,0.0,0.0,0.0,0.0,0.0,0.0,0.0,0.61546069450522856,0.61332597426388458,0.61829141517712716,0.61915053610328941,0.61855595149647746,0.61852316347777658,0.61390562105442181,0.61479448381898638,0.61430897332478085,0.61417806357443827,0.61146673734035428,0.61225451663812469,0.60970660316410252,0.60970660316410252,0.60970660316410252,0.60964834390786027,0.60964834390786027,0.60907556468949109,0.60808726737096452,0.60451774757224497,0.60395130368404526,0.60296376184338607,0.60117331397047979,0.60025511520210262,0.60025511520210262,0.59922187277762007,0.57144371304764863,0.54442734722802855,0.54442734722802855,0.54528690510871247
0.0,0.0,0.0,0.0,0.0,0.0,0.0,0.0,0.0,0.0,0.0,0.0,0.0,0.0,0.0,0.0,0.0,0.0,0.0,0.0,0.0,0.0,0.0,0.0,0.0,0.0,0.0,0.0,0.0,0.0,0.0,0.0,0.0,0.0,0.0,0.0,0.0,0.0,0.0,0.0,0.0,0.0,0.0,0.0,0.0,0.0,0.0,0.0,0.0,0.0,0.0,0.0,0.0,0.0,0.0,0.0,0.0,0.0,0.0,0.0,0.5946958294367316,0.59565637233715207,0.59856089896628373,0.59580792095090673,0.59211127500297467,0.58944226162933311,0.58296273791040554,0.57689380598975282,0.54682655865286045,0.54850437014126174,0.54579304390717776,0.5487023521572737,0.55415558528646081,0.56067512012916521,0.56582753278216014,0.57123444707374627,0.57824232247966734,0.58237456835936829,0.5911354293249742,0.58921486659612221,0.59331572654140685,0.59638754421797813,0.59345212511905066,0.59380325142102564,0.59380325142102564,0.5982908779423799,0.59051708821015758,0.58480582835972572,0.58480582835972572,0.58566538624040954
0.0,0.0,0.0,0.0,0.0,0.0,0.0,0.0,0.0,0.0,0.0,0.0,0.0,0.0,0.0,0.0,0.0,0.0,0.0,0.0,0.0,0.0,0.0,0.0,0.0,0.0,0.0,0.0,0.0,0.0,0.0,0.0,0.0,0.0,0.0,0.0,0.0,0.0,0.0,0.0,0.0,0.0,0.0,0.0,0.0,0.0,0.0,0.0,0.0,0.0,0.0,0.0,0.0,0.0,0.0,0.0,0.0,0.0,0.0,0.0,0.5895912520741271,0.5880074077239279,0.591063148670676,0.59315043091723507,0.59290659400649381,0.59298792294492719,0.59178042112134466,0.5927861341779449,0.59166474641794697,0.59067091429378327,0.5865055114285459,0.58398958044696192,0.57748415492092597,0.54549569401664066,0.54997489544711464,0.55160809430313607,0.557359741385691,0.56876657197953018,0.57961808073772991,0.58174008493412854,0.58573055226578363,0.59550176228621399,0.59463808312936006,0.59621436283165796,0.59682948399231306,0.59940317459865766,0.60146456795067327,0.60106628844622079,0.60074600883107121,0.60160556671175514
0.0,0.0,0.0,0.0,0.0,0.0,0.0,0.0,0.0,0.0,0.0,0.0,0.0,0.0,0.0,0.0,0.0,0.0,0.0,0.0,0.0,0.0,0.0,0.0,0.0,0.0,0.0,0.0,0.0,0.0,0.0,0.0,0.0,0.0,0.0,0.0,0.0,0.0,0.0,0.0,0.0,0.0,0.0,0.0,0.0,0.0,0.0,0.0,0.0,0.0,0.0,0.0,0.0,0.0,0.0,0.0,0.0,0.0,0.0,0.0,0.53795073267180304,0.53688477201922535,0.53875983145692208,0.54337322153917111,0.54070861496534783,0.5406423222524479,0.54123801057951293,0.54210127255828622,0.54313567991659562,0.54395335900502473,0.54377202995874829,0.54533330383445477,0.54533330383445477,0.54474039805860219,0.54849117836844763,0.55161102299168152,0.55613883799781305,0.55684532813450704,0.5620321281710986,0.56571821038418446,0.56597680215176405,0.56745792248929838,0.56771509122723163,0.56676077183254703,0.56851418688125943,0.57078726450452322,0.57075827555584469,0.57074410833084244,0.57167336683418957,0.57260215521984659
0.0,0.0,0.0,0.0,0.0,0.0,0.0,0.0,0.0,0.0,0.0,0.0,0.0,0.0,0.0,0.0,0.0,0.0,0.0,0.0,0.0,0.0,0.0,0.0,0.0,0.0,0.0,0.0,0.0,0.0,0.0,0.0,0.0,0.0,0.0,0.0,0.0,0.0,0.0,0.0,0.0,0.0,0.0,0.0,0.0,0.0,0.0,0.0,0.0,0.0,0.0,0.0,0.0,0.0,0.0,0.0,0.0,0.0,0.0,0.0,0.59422703973744395,0.59233533142712569,0.59317775099715342,0.58684151281691566,0.58417690624309238,0.58411061353019245,0.58407750837985961,0.58309043295628982,0.58216112125265973,0.5819915171625043,0.57924732037380555,0.57916904560893701,0.57916904560893701,0.57742232143095074,0.57652690369451742,0.57652690369451742,0.57737859773603062,0.57558172302119814,0.54670444778419125,0.55731413909853689,0.55632812031331069,0.55548019575237162,0.55449392970989542,0.5535353094716875,0.55435746286878862,0.55508301268643756,0.5541237025483533,0.55154684153012101,0.55154684153012101,0.55055976610655122
0.0,0.0,0.0,0.0,0.0,0.0,0.0,0.0,0.0,0.0,0.0,0.0,0.0,0.0,0.0,0.0,0.0,0.0,0.0,0.0,0.0,0.0,0.0,0.0,0.0,0.0,0.0,0.0,0.0,0.0,0.0,0.0,0.0,0.0,0.0,0.0,0.0,0.0,0.0,0.0,0.0,0.0,0.0,0.0,0.0,0.0,0.0,0.0,0.0,0.0,0.0,0.0,0.0,0.0,0.0,0.0,0.0,0.0,0.0,0.0,0.55839046609845311,0.5556791398643689,0.55874715651850881,0.56076778566006669,0.56187584663070622,0.56016516913879033,0.5592402941992336,0.56028914625808934,0.55935983455445926,0.56124766882526778,0.56391465736327584,0.56797126465748304,0.56984268630940949,0.56826806506849903,0.56893048366348775,0.56986463471134163,0.57358074374284895,0.57285306946795245,0.57754750622290119,0.57487781994277609,0.57584012497730597,0.57594875106843857,0.57859612390171467,0.58163906621223938,0.58528632776118827,0.58583355419825511,0.58608658062321983,0.58678703016262046,0.58562781805407316,0.58587785651902835
0.0,0.0,0.0,0.0,0.0,0.0,0.0,0.0,0.0,0.0,0.0,0.0,0.0,0.0,0.0,0.0,0.0,0.0,0.0,0.0,0.0,0.0,0.0,0.0,0.0,0.0,0.0,0.0,0.0,0.0,0.0,0.0,0.0,0.0,0.0,0.0,0.0,0.0,0.0,0.0,0.0,0.0,0.0,0.0,0.0,0.0,0.0,0.0,0.0,0.0,0.0,0.0,0.0,0.0,0.0,0.0,0.0,0.0,0.0,0.0,0.56155946698800741,0.5671787387394106,0.56644739835825109,0.56464009319350006,0.56141373559561702,0.55455496995402365,0.54935587600334457,0.52335380446755164,0.54610588816168615,0.5504474895834861,0.55295115357964364,0.56678958522424761,0.57412368787547496,0.57720101608734642,0.58066000959756825,0.58291632233535939,0.58488186899748951,0.5863739118946284,0.58660473232439581,0.58605781387585432,0.58592993936074178,0.58640910601932261,0.59282693153239518,0.59461412157918569,0.59546454167687135,0.59580517015728662,0.59420001523519705,0.59420001523519705,0.59077365595219233,0.59108214539879889
0.0,0.0,0.0,0.0,0.0,0.0,0.0,0.0,0.0,0.0,0.0,0.0,0.0,0.0,0.0,0.0,0.0,0.0,0.0,0.0,0.0,0.0,0.0,0.0,0.0,0.0,0.0,0.0,0.0,0.0,0.0,0.0,0.0,0.0,0.0,0.0,0.0,0.0,0.0,0.0,0.0,0.0,0.0,0.0,0.0,0.0,0.0,0.0,0.0,0.0,0.0,0.0,0.0,0.0,0.0,0.0,0.0,0.0,0.0,0.0,0.56342631766263906,0.56445895753030795,0.56525173664362982,0.56515051062125643,0.56512696371609639,0.56232664441688573,0.56042394543997587,0.56002069207590388,0.55708978700999345,0.55614298141507634,0.55602846164398068,0.55602585397176374,0.55859919470083585,0.56765313395983397,0.57151579659130669,0.57307398076951377,0.57536318013985566,0.57659556541926782,0.57713632958879235,0.57787540939687054,0.57750559915753186,0.57786411268699112,0.5805790810015703,0.57956470003385741,0.58251425056803074,0.58530878285490384,0.58463382689040566,0.58525214498986389,0.58243539123431087,0.58367136068895276
0.0,0.0,0.0,0.0,0.0,0.0,0.0,0.0,0.0,0.0,0.0,0.0,0.0,0.0,0.0,0.0,0.0,0.0,0.0,0.0,0.0,0.0,0.0,0.0,0.0,0.0,0.0,0.0,0.0,0.0,0.0,0.0,0.0,0.0,0.0,0.0,0.0,0.0,0.0,0.0,0.0,0.0,0.0,0.0,0.0,0.0,0.0,0.0,0.0,0.0,0.0,0.0,0.0,0.0,0.0,0.0,0.0,0.0,0.0,0.0,0.59855380058292373,0.60098957737187053,0.60180231700349085,0.60242094597155027,0.60434629613344626,0.60407851207468066,0.60155643171869788,0.60090769820422651,0.60076675705444782,0.59987254130858958,0.60069418927633067,0.59980206616451681,0.60162162260937679,0.60105733273783835,0.60175020807627455,0.60175020807627455,0.60163242795792948,0.60433971596536484,0.60462904864905687,0.60631076414244989,0.60716642223375006,0.60809583258117561,0.60809603368302845,0.60868718688814549,0.60766282495897206,0.60766282495897206,0.60574912558344973,0.60574912558344973,0.60404396922737702,0.6041473841164946
0.0,0.0,0.0,0.0,0.0,0.0,0.0,0.0,0.0,0.0,0.0,0.0,0.0,0.0,0.0,0.0,0.0,0.0,0.0,0.0,0.0,0.0,0.0,0.0,0.0,0.0,0.0,0.0,0.0,0.0,0.0,0.0,0.0,0.0,0.0,0.0,0.0,0.0,0.0,0.0,0.0,0.0,0.0,0.0,0.0,0.0,0.0,0.0,0.0,0.0,0.0,0.0,0.0,0.0,0.0,0.0,0.0,0.0,0.0,0.0,0.57202820586824932,0.57215710711673884,0.57038188115776078,0.57028174392835407,0.5704477147620326,0.57331045692882376,0.57013716272883763,0.56925941829815796,0.57559679813420317,0.57739450105965839,0.58130008783468656,0.57983192915570902,0.58249044057222721,0.57804947405271356,0.58168374368557574,0.58255677192205613,0.5825799203837364,0.59106200663381969,0.56814535942469169,0.56982707070247673,0.56969671000855071,0.56969671000855071,0.56969671000855071,0.56966190841910358,0.57168533825415591,0.57823696825131599,0.58176851648874128,0.58262257310111065,0.58532235926920928,0.58650696576246686
0.0,0.0,0.0,0.0,0.0,0.0,0.0,0.0,0.0,0.0,0.0,0.0,0.0,0.0,0.0,0.0,0.0,0.0,0.0,0.0,0.0,0.0,0.0,0.0,0.0,0.0,0.0,0.0,0.0,0.0,0.0,0.0,0.0,0.0,0.0,0.0,0.0,0.0,0.0,0.0,0.0,0.0,0.0,0.0,0.0,0.0,0.0,0.0,0.0,0.0,0.0,0.0,0.0,0.0,0.0,0.0,0.0,0.0,0.0,0.0,0.57217077035547481,0.57307966236385566,0.57233462919172984,0.57543359145693895,0.58028190247090849,0.58623639228469471,0.5872163333733077,0.59066003427717961,0.58794839603841875,0.58857808470389972,0.59286670669379193,0.59250171723109957,0.59339550530692098,0.59366957846443402,0.5947849584701641,0.59736219791274481,0.59734683200556093,0.60321603370513388,0.60361390537618775,0.6071199191777007,0.60667055649719859,0.60619870956212329,0.60781089160790447,0.60800171739976128,0.60761728172381479,0.60782404481913221,0.60678157346095862,0.60699176355257778,0.60355540396855445,0.60386274861495814
0.0,0.0,0.0,0.0,0.0,0.0,0.0,0.0,0.0,0.0,0.0,0.0,0.0,0.0,0.0,0.0,0.0,0.0,0.0,0.0,0.0,0.0,0.0,0.0,0.0,0.0,0.0,0.0,0.0,0.0,0.0,0.0,0.0,0.0,0.0,0.0,0.0,0.0,0.0,0.0,0.0,0.0,0.0,0.0,0.0,0.0,0.0,0.0,0.0,0.0,0.0,0.0,0.0,0.0,0.0,0.0,0.0,0.0,0.0,0.0,0.54073224132665831,0.54161571283402654,0.53956166499576774,0.53964541471345828,0.54717129098142725,0.57018198615951066,0.57440868641126497,0.57702003873127594,0.57583412846485793,0.57522051770400107,0.57792877322095593,0.57881758295217389,0.58081091792750106,0.58081091792750106,0.58269412776238028,0.58455880505485192,0.58783657836326875,0.59221776883455646,0.59477999241203283,0.59915679142111389,0.60402506554130619,0.6084458998754273,0.60906374105217687,0.60942246958630875,0.61079480796035357,0.6108467349548441,0.61065609380579244,0.61134182245772939,0.61293452716777985,0.61416243577991503
0.0,0.0,0.0,0.0,0.0,0.0,0.0,0.0,0.0,0.0,0.0,0.0,0.0,0.0,0.0,0.0,0.0,0.0,0.0,0.0,0.0,0.0,0.0,0.0,0.0,0.0,0.0,0.0,0.0,0.0,0.0,0.0,0.0,0.0,0.0,0.0,0.0,0.0,0.0,0.0,0.0,0.0,0.0,0.0,0.0,0.0,0.0,0.0,0.0,0.0,0.0,0.0,0.0,0.0,0.0,0.0,0.0,0.0,0.0,0.0,0.65040446615011127,0.65049148860634587,0.65043157365619741,0.64864768075515944,0.64863444223388722,0.65726349717324417,0.6581230550539281,0.65960366221314626,0.65861886730132635,0.65861886730132635,0.66028824043126855,0.65852537720445414,0.65756849309078058,0.65756849309078058,0.65666840146738004,0.65592197974609823,0.65592197974609823,0.65762177874196293,0.65780060350858371,0.65780060350858371,0.65909214702997632,0.66273700790594359,0.66376717562478738,0.66595914069189066,0.66626602424319648,0.66626602424319648,0.66743006980310515,0.66773516499946606,0.66835982948202144,0.66777587484489476
0.0,0.0,0.0,0.0,0.0,0.0,0.0,0.0,0.0,0.0,0.0,0.0,0.0,0.0,0.0,0.0,0.0,0.0,0.0,0.0,0.0,0.0,0.0,0.0,0.0,0.0,0.0,0.0,0.0,0.0,0.0,0.0,0.0,0.0,0.0,0.0,0.0,0.0,0.0,0.0,0.0,0.0,0.0,0.0,0.0,0.0,0.0,0.0,0.0,0.0,0.0,0.0,0.0,0.0,0.0,0.0,0.0,0.0,0.0,0.0,0.63524492243618791,0.64894720796749217,0.64833218537165183,0.64802177891427226,0.65072650890378714,0.65285308750018523,0.65494766370750368,0.65481889156049167,0.65481889156049167,0.65481889156049167,0.65567058560200464,0.65653098767824958,0.65613428502508853,0.65613428502508853,0.65422528287718906,0.65622040824539862,0.65677734714021951,0.65615597962278094,0.6571864984309147,0.6571864984309147,0.65817133869641742,0.66132608322986874,0.66255650235785102,0.66163798738608781,0.66171100202599553,0.66171100202599553,0.66174053857621806,0.66585704703110882,0.66530699713935315,0.66441855102935188
0.0,0.0,0.0,0.0,0.0,0.0,0.0,0.0,0.0,0.0,0.0,0.0,0.0,0.0,0.0,0.0,0.0,0.0,0.0,0.0,0.0,0.0,0.0,0.0,0.0,0.0,0.0,0.0,0.0,0.0,0.0,0.0,0.0,0.0,0.0,0.0,0.0,0.0,0.0,0.0,0.0,0.0,0.0,0.0,0.0,0.0,0.0,0.0,0.0,0.0,0.0,0.0,0.0,0.0,0.0,0.0,0.0,0.0,0.0,0.0,0.60446449409450675,0.60434031764745766,0.60516973595155255,0.60516973595155255,0.60776585281787565,0.60607940086497425,0.60525716948305963,0.60427273924474734,0.60427273924474734,0.60750522100616078,0.61212324872882207,0.61495463916963944,0.61869515249211327,0.62481217027082769,0.62460720282267967,0.62775117865429053,0.62965349610115828,0.62805100801565672,0.62969604680567803,0.62775277127711004,0.62935084346299619,0.63255732867489467,0.63342448032257281,0.63280966627518609,0.63411352489426565,0.63381140012287274,0.63561147345126134,0.6384987189748611,0.63744100751358335,0.63556629536110598
0.0,0.0,0.0,0.0,0.0,0.0,0.0,0.0,0.0,0.0,0.0,0.0,0.0,0.0,0.0,0.0,0.0,0.0,0.0,0.0,0.0,0.0,0.0,0.0,0.0,0.0,0.0,0.0,0.0,0.0,0.0,0.0,0.0,0.0,0.0,0.0,0.0,0.0,0.0,0.0,0.0,0.0,0.0,0.0,0.0,0.0,0.0,0.0,0.0,0.0,0.0,0.0,0.0,0.0,0.0,0.0,0.0,0.0,0.0,0.0,0.60623146429627284,0.6087041868776738,0.61333655544833487,0.61524053399476297,0.61733813596697051,0.61794768872102124,0.62030468947067852,0.62114878069051971,0.62238373500910082,0.62453881706950864,0.62554836060701391,0.62474782271535045,0.62511723003358599,0.62521876803701415,0.62572052236088715,0.62364287108425231,0.62394888563748296,0.62326929329289926,0.62264155751042471,0.62344693075534485,0.62379379641290877,0.62231800049797426,0.62553289430412928,0.62242778919618247,0.6215193039315291,0.61903891130405941,0.61753197424397066,0.61953691346155948,0.61584979674487572,0.61584979674487572
0.0,0.0,0.0,0.0,0.0,0.0,0.0,0.0,0.0,0.0,0.0,0.0,0.0,0.0,0.0,0.0,0.0,0.0,0.0,0.0,0.0,0.0,0.0,0.0,0.0,0.0,0.0,0.0,0.0,0.0,0.0,0.0,0.0,0.0,0.0,0.0,0.0,0.0,0.0,0.0,0.0,0.0,0.0,0.0,0.0,0.0,0.0,0.0,0.0,0.0,0.0,0.0,0.0,0.0,0.0,0.0,0.0,0.0,0.0,0.0,0.58535475987528085,0.58346801640415036,0.58253870470052027,0.58157249088791141,0.59510833799442664,0.59689386314494719,0.59966756414573974,0.59868313390742756,0.60035250703736975,0.60138440149320049,0.60042751737952682,0.5994427224677068,0.59947839779321743,0.59952498212421323,0.60014489096196189,0.60295538132889503,0.60292616772374585,0.60372998342528894,0.6059970371672474,0.60687084380717882,0.61025533362204254,0.61187216887177864,0.61536873081589993,0.61223568045306109,0.6105996404249765,0.60912423697054519,0.60764212225414327,0.6112310324884267,0.61162897160770102,0.61279847183740455
0.0,0.0,0.0,0.0,0.0,0.0,0.0,0.0,0.0,0.0,0.0,0.0,0.0,0.0,0.0,0.0,0.0,0.0,0.0,0.0,0.0,0.0,0.0,0.0,0.0,0.0,0.0,0.0,0.0,0.0,0.0,0.0,0.0,0.0,0.0,0.0,0.0,0.0,0.0,0.0,0.0,0.0,0.0,0.0,0.0,0.0,0.0,0.0,0.0,0.0,0.0,0.0,0.0,0.0,0.0,0.0,0.0,0.0,0.0,0.0,0.57261286329063543,0.57149178569139714,0.57094701728837582,0.56916312438733796,0.57990361605615381,0.58268121684633034,0.58353687493763051,0.58192498272272608,0.58359435585266828,0.58421736569526161,0.58388320187597809,0.58352376059203781,0.58313496563484868,0.58312928419183152,0.58386589859960647,0.58291557227721713,0.58319357208516054,0.58406583911661625,0.58229122470555783,0.58063039243567804,0.58233440287297344,0.57864880425573517,0.57783982714666104,0.57503461039334214,0.57411694947245195,0.57318517289151083,0.57263029062278969,0.57757799872546023,0.55436347742305692,0.55522303530374073
0.0,0.0,0.0,0.0,0.0,0.0,0.0,0.0,0.0,0.0,0.0,0.0,0.0,0.0,0.0,0.0,0.0,0.0,0.0,0.0,0.0,0.0,0.0,0.0,0.0,0.0,0.0,0.0,0.0,0.0,0.0,0.0,0.0,0.0,0.0,0.0,0.0,0.0,0.0,0.0,0.0,0.0,0.0,0.0,0.0,0.0,0.0,0.0,0.0,0.0,0.0,0.0,0.0,0.0,0.0,0.0,0.0,0.0,0.0,0.0,0.60404441054199498,0.60404441054199498,0.60404441054199498,0.602260517640957,0.6020392560012584,0.6020392560012584,0.60289491409255846,0.6027275092457266,0.60357920328723957,0.60357920328723957,0.6026223191735659,0.6026223191735659,0.60071268401266009,0.60071268401266009,0.60164209436008564,0.59893652901932348,0.59888823622271337,0.59888823622271337,0.59517663796912834,0.59152084811281724,0.58886349283587236,0.58358555389501443,0.58216345902896305,0.55366522813510777,0.55441762770926295,0.55250282505788229,0.55071237718497601,0.55532274358775591,0.56230491670707849,0.57002451435273771
0.0,0.0,0.0,0.0,0.0,0.0,0.0,0.0,0.0,0.0,0.0,0.0,0.0,0.0,0.0,0.0,0.0,0.0,0.0,0.0,0.0,0.0,0.0,0.0,0.0,0.0,0.0,0.0,0.0,0.0,0.0,0.0,0.0,0.0,0.0,0.0,0.0,0.0,0.0,0.0,0.0,0.0,0.0,0.0,0.0,0.0,0.0,0.0,0.0,0.0,0.0,0.0,0.0,0.0,0.0,0.0,0.0,0.0,0.0,0.0,0.58485462885464601,0.58396586561301311,0.58485462885464601,0.58485462885464601,0.58334554785239778,0.58390913796425636,0.58390913796425636,0.5837417331174245,0.58396726503655738,0.58497833407541922,0.58591526245143899,0.58591526245143899,0.58592367020002567,0.58592209352969049,0.58654675801224609,0.5854250973164431,0.58375937224799868,0.58416445842418607,0.58506321737590972,0.58137319998510073,0.58121389007581581,0.58190302280553341,0.58426730430107265,0.5823846656228473,0.58263796666715995,0.58286311582625094,0.58446353723353861,0.58671794168488234,0.58771346257954171,0.58833161827695224
0.0,0.0,0.0,0.0,0.0,0.0,0.0,0.0,0.0,0.0,0.0,0.0,0.0,0.0,0.0,0.0,0.0,0.0,0.0,0.0,0.0,0.0,0.0,0.0,0.0,0.0,0.0,0.0,0.0,0.0,0.0,0.0,0.0,0.0,0.0,0.0,0.0,0.0,0.0,0.0,0.0,0.0,0.0,0.0,0.0,0.0,0.0,0.0,0.0,0.0,0.0,0.0,0.0,0.0,0.0,0.0,0.0,0.0,0.0,0.0,0.57172445753099754,0.57524823588664653,0.58181534092434051,0.58516238078464966,0.58600617036321045,0.58775945668758722,0.58807035433981569,0.58821374511105518,0.59160628710053509,0.59160628710053509,0.59064940298686153,0.59054735336349107,0.59117844288797805,0.59117844288797805,0.59117844288797805,0.58935913298100395,0.58847379506406583,0.58950568951989635,0.58961400231951977,0.58783679296788593,0.58931989996172773,0.5917524965221822,0.59460856932269568,0.59263238000563179,0.59341601474745376,0.59524351125256769,0.59594549044883816,0.59946908788321318,0.6003977067030436,0.60101586240045424
0.0,0.0,0.0,0.0,0.0,0.0,0.0,0.0,0.0,0.0,0.0,0.0,0.0,0.0,0.0,0.0,0.0,0.0,0.0,0.0,0.0,0.0,0.0,0.0,0.0,0.0,0.0,0.0,0.0,0.0,0.0,0.0,0.0,0.0,0.0,0.0,0.0,0.0,0.0,0.0,0.0,0.0,0.0,0.0,0.0,0.0,0.0,0.0,0.0,0.0,0.0,0.0,0.0,0.0,0.0,0.0,0.0,0.0,0.0,0.0,0.62855810567386305,0.62677757264300638,0.64000385985793351,0.64197896408899502,0.64120146003687473,0.64018918915253409,0.63956370919288996,0.64038138828131919,0.64123308232283216,0.64123308232283216,0.63965032905133279,0.63975690944560548,0.63805429347912546,0.63742813135674525,0.63742813135674525,0.6365986932622878,0.63551971107915761,0.63551971107915761,0.63286135541741784,0.63108414606578389,0.62930025316474603,0.630151947206259,0.63104809120025851,0.62852974352842006,0.62770693490352236,0.62672185096826138,0.62579361615852358,0.6276111955674839,0.62745208077662473,0.62659642268532456
0.0,0.0,0.0,0.0,0.0,0.0,0.0,0.0,0.0,0.0,0.0,0.0,0.0,0.0,0.0,0.0,0.0,0.0,0.0,0.0,0.0,0.0,0.0,0.0,0.0,0.0,0.0,0.0,0.0,0.0,0.0,0.0,0.0,0.0,0.0,0.0,0.0,0.0,0.0,0.0,0.0,0.0,0.0,0.0,0.0,0.0,0.0,0.0,0.0,0.0,0.0,0.0,0.0,0.0,0.0,0.0,0.0,0.0,0.0,0.0,0.60414216292977108,0.60112019056565213,0.61030969320681694,0.6145316057167044,0.6137768365464451,0.61352363556924783,0.61340092904638788,0.61421860813481699,0.61345963810668447,0.61690071976344574,0.62056675718475196,0.61927394462695728,0.61715857667560503,0.61968955046754881,0.61931676360270627,0.6208999659224177,0.62095918940737149,0.61759364823156415,0.61747717439391514,0.61696132171095996,0.61732768932731297,0.61810203232078198,0.61799755789350663,0.61140206136363551,0.61200129917738966,0.60929477812212585,0.60743657450600663,0.6059488949242271,0.60347316534192175,0.60571351666094997
0.0,0.0,0.0,0.0,0.0,0.0,0.0,0.0,0.0,0.0,0.0,0.0,0.0,0.0,0.0,0.0,0.0,0.0,0.0,0.0,0.0,0.0,0.0,0.0,0.0,0.0,0.0,0.0,0.0,0.0,0.0,0.0,0.0,0.0,0.0,0.0,0.0,0.0,0.0,0.0,0.0,0.0,0.0,0.0,0.0,0.0,0.0,0.0,0.0,0.0,0.0,0.0,0.0,0.0,0.0,0.0,0.0,0.0,0.0,0.0,0.61435819661088931,0.61257766358003252,0.61627873842522429,0.61795207560495358,0.61445997320998835,0.61445997320998835,0.61251974765096939,0.61251974765096939,0.60974801765114095,0.60856928944968791,0.60635907131811784,0.60443956272833521,0.60624289931465525,0.60768023681933081,0.60528552793570378,0.60069572109071401,0.59438677243446969,0.58617027555379531,0.54388067243383154,0.54474490403284892,0.54256279389393969,0.54694040458992299,0.55943415011937414,0.56759809405513528,0.58137730790044373,0.57956922905619646,0.58028633742501534,0.57849588955210884,0.58772997146309336,0.61479881232230038
0.0,0.0,0.0,0.0,0.0,0.0,0.0,0.0,0.0,0.0,0.0,0.0,0.0,0.0,0.0,0.0,0.0,0.0,0.0,0.0,0.0,0.0,0.0,0.0,0.0,0.0,0.0,0.0,0.0,0.0,0.0,0.0,0.0,0.0,0.0,0.0,0.0,0.0,0.0,0.0,0.0,0.0,0.0,0.0,0.0,0.0,0.0,0.0,0.0,0.0,0.0,0.0,0.0,0.0,0.0,0.0,0.0,0.0,0.0,0.0,0.58861882425960343,0.588762237197479,0.59285579666733346,0.59679110924509926,0.59672213534374752,0.59781355792037105,0.59815023421760849,0.59878146087732775,0.60118732881310755,0.60307894555126751,0.60439508085229832,0.60481317563552195,0.60503765073103655,0.60804667053778816,0.61014723716741159,0.61060350527051033,0.61126273608838788,0.61006801088254925,0.61097186533837111,0.611848183361003,0.60840216169779193,0.60655444587794993,0.60799894530657606,0.60481815315840204,0.61159723826782697,0.61051879831068445,0.60959056350094676,0.60916813482757926,0.61181375144406913,0.60901320707208495
0.0,0.0,0.0,0.0,0.0,0.0,0.0,0.0,0.0,0.0,0.0,0.0,0.0,0.0,0.0,0.0,0.0,0.0,0.0,0.0,0.0,0.0,0.0,0.0,0.0,0.0,0.0,0.0,0.0,0.0,0.0,0.0,0.0,0.0,0.0,0.0,0.0,0.0,0.0,0.0,0.0,0.0,0.0,0.0,0.0,0.0,0.0,0.0,0.0,0.0,0.0,0.0,0.0,0.0,0.0,0.0,0.0,0.0,0.0,0.0,0.57381511760015647,0.57283212175621923,0.57291787968287233,0.57569927783324093,0.57569927783324093,0.57494916663819473,0.57680583947598962,0.57935808936062005,0.58265868917741681,0.58707989233193947,0.58950071526608383,0.58889073668440162,0.59164732398586228,0.59466233135896385,0.594921269359454,0.59497238781658823,0.59753288918312197,0.59716818874387068,0.59763196267525898,0.59869232830851216,0.59685243444611225,0.59799440592519848,0.60105430361241108,0.60321850787679088,0.60527742587190303,0.60535231590200711,0.6088173052828042,0.60886240239069589,0.60839070412717144,0.60675466409908663
0.0,0.0,0.0,0.0,0.0,0.0,0.0,0.0,0.0,0.0,0.0,0.0,0.0,0.0,0.0,0.0,0.0,0.0,0.0,0.0,0.0,0.0,0.0,0.0,0.0,0.0,0.0,0.0,0.0,0.0,0.0,0.0,0.0,0.0,0.0,0.0,0.0,0.0,0.0,0.0,0.0,0.0,0.0,0.0,0.0,0.0,0.0,0.0,0.0,0.0,0.0,0.0,0.0,0.0,0.0,0.0,0.0,0.0,0.0,0.0,0.65226481993102825,0.65140657751625763,0.65054818670830739,0.64970122129519403,0.64822014166405817,0.64554538079971169,0.64406335457297381,0.64209338084560474,0.64004469311231715,0.64106190130787355,0.63786686381548119,0.6326875647261796,0.62733724115746459,0.62676254323919101,0.62526237751491631,0.62607890661540189,0.62480190611036301,0.62237067148397018,0.62169939262892016,0.61580755970836676,0.61592265262426238,0.61513590932920281,0.61555565376899912,0.61354190832037647,0.61193108452061074,0.60958892859446256,0.61090324729497336,0.60918138517271436,0.60630876375981713,0.60264117527123084
0.0,0.0,0.0,0.0,0.0,0.0,0.0,0.0,0.0,0.0,0.0,0.0,0.0,0.0,0.0,0.0,0.0,0.0,0.0,0.0,0.0,0.0,0.0,0.0,0.0,0.0,0.0,0.0,0.0,0.0,0.0,0.0,0.0,0.0,0.0,0.0,0.0,0.0,0.0,0.0,0.0,0.0,0.0,0.0,0.0,0.0,0.0,0.0,0.0,0.0,0.0,0.0,0.0,0.0,0.0,0.0,0.0,0.0,0.0,0.0,0.6347783375437781,0.63508486620827154,0.63508486620827154,0.63491746136143956,0.63515541683334298,0.63369161195886903,0.62993176068008983,0.62802212551918413,0.62831274806484572,0.63022829858846574,0.62934925144251153,0.62664720541595065,0.62695230061231155,0.62872269743260722,0.62965210778003278,0.63198206460470685,0.63058827736865408,0.62956398146725134,0.62967294915023575,0.62518253519393419,0.6229843622565131,0.62927444790678522,0.63105165725841927,0.63217299166343766,0.63217299166343766,0.63247646082092579,0.63158801471092452,0.63069925146929162,0.63069925146929162,0.63173036736240973
0.0,0.0,0.0,0.0,0.0,0.0,0.0,0.0,0.0,0.0,0.0,0.0,0.0,0.0,0.0,0.0,0.0,0.0,0.0,0.0,0.0,0.0,0.0,0.0,0.0,0.0,0.0,0.0,0.0,0.0,0.0,0.0,0.0,0.0,0.0,0.0,0.0,0.0,0.0,0.0,0.0,0.0,0.0,0.0,0.0,0.0,0.0,0.0,0.0,0.0,0.0,0.0,0.0,0.0,0.0,0.0,0.0,0.0,0.0,0.0,0.59888986002202138,0.59888986002202138,0.59796565278594183,0.59698056885068085,0.59783226289219382,0.59687537877852015,0.59687537877852015,0.59588995085369401,0.59588995085369401,0.59766716020532795,0.59751472992049259,0.59382698813243451,0.59304660098092843,0.59481699780122421,0.59479086157758809,0.59655865158700228,0.59567331367006415,0.59366275172618521,0.59363278961050148,0.59192981821747503,0.59155178302146671,0.59135299781876172,0.58957578846712766,0.5918736281825564,0.59249103674276504,0.59437591708365978,0.59554404254082804,0.5961960397413032,0.59827447508893883,0.59660182326365907
0.0,0.0,0.0,0.0,0.0,0.0,0.0,0.0,0.0,0.0,0.0,0.0,0.0,0.0,0.0,0.0,0.0,0.0,0.0,0.0,0.0,0.0,0.0,0.0,0.0,0.0,0.0,0.0,0.0,0.0,0.0,0.0,0.0,0.0,0.0,0.0,0.0,0.0,0.0,0.0,0.0,0.0,0.0,0.0,0.0,0.0,0.0,0.0,0.0,0.0,0.0,0.0,0.0,0.0,0.0,0.0,0.0,0.0,0.0,0.0,0.57271333025472826,0.57271333025472826,0.57372439929359009,0.57377149153783724,0.57369834890442351,0.57653200474572852,0.5793400121772545,0.58022570977257615,0.58178409255697117,0.58480717729519038,0.58527530432486097,0.58344587012970772,0.58359853009969953,0.58451757891476686,0.58542353281073944,0.58749820712792278,0.58765450034583433,0.58759873961632947,0.58846761588323537,0.58824200434886587,0.5900993221325026,0.58996959786894398,0.58967336884233768,0.59185564291636095,0.59278279741719631,0.59466767775809104,0.59614526044021698,0.59611949904461126,0.598824834600721,0.59715218277544135
0.0,0.0,0.0,0.0,0.0,0.0,0.0,0.0,0.0,0.0,0.0,0.0,0.0,0.0,0.0,0.0,0.0,0.0,0.0,0.0,0.0,0.0,0.0,0.0,0.0,0.0,0.0,0.0,0.0,0.0,0.0,0.0,0.0,0.0,0.0,0.0,0.0,0.0,0.0,0.0,0.0,0.0,0.0,0.0,0.0,0.0,0.0,0.0,0.0,0.0,0.0,0.0,0.0,0.0,0.0,0.0,0.0,0.0,0.0,0.0,0.59185513499118436,0.5908982508775108,0.59115855308966792,0.59289617259769256,0.59398004946904837,0.59783422450076129,0.6005350237009478,0.60275432286850339,0.60557679260203523,0.60889653591790849,0.61459391891675319,0.6153887678158908,0.61476830236486024,0.61667547777650555,0.61605567481899115,0.61683400727832194,0.61731525309522106,0.62454553012949432,0.62389408522677015,0.62382295406412192,0.62443618598450557,0.62350875265145955,0.62259317961001082,0.62340417514903601,0.62351473087034448,0.62413967993826236,0.62410689191956137,0.62205890025944655,0.62372827338938874,0.62377415795914293
0.0,0.0,0.0,0.0,0.0,0.0,0.0,0.0,0.0,0.0,0.0,0.0,0.0,0.0,0.0,0.0,0.0,0.0,0.0,0.0,0.0,0.0,0.0,0.0,0.0,0.0,0.0,0.0,0.0,0.0,0.0,0.0,0.0,0.0,0.0,0.0,0.0,0.0,0.0,0.0,0.0,0.0,0.0,0.0,0.0,0.0,0.0,0.0,0.0,0.0,0.0,0.0,0.0,0.0,0.0,0.0,0.0,0.0,0.0,0.0,0.63795418288063277,0.63795418288063277,0.63727241027239556,0.6351651782492026,0.63329320961064128,0.63329320961064128,0.63275808209619488,0.63018604821620361,0.62865036823601816,0.62758386423325285,0.62620619959129142,0.62324598432805312,0.62317868368318041,0.62157655905815345,0.61952399177827822,0.61925767809676613,0.58085517470081272,0.58108699679902209,0.58010097801379579,0.57908504101809799,0.57727383316325975,0.57366588676519681,0.56802470322011755,0.56529760299142584,0.55133427825493431,0.55219383613561823,0.55457957566432214,0.54999053239445184,0.5521445749036239,0.55060373538939478
0.0,0.0,0.0,0.0,0.0,0.0,0.0,0.0,0.0,0.0,0.0,0.0,0.0,0.0,0.0,0.0,0.0,0.0,0.0,0.0,0.0,0.0,0.0,0.0,0.0,0.0,0.0,0.0,0.0,0.0,0.0,0.0,0.0,0.0,0.0,0.0,0.0,0.0,0.0,0.0,0.0,0.0,0.0,0.0,0.0,0.0,0.0,0.0,0.0,0.0,0.0,0.0,0.0,0.0,0.0,0.0,0.0,0.0,0.0,0.0,0.6357577774408778,0.6349355460589633,0.6349355460589633,0.63345512231541334,0.63529216416238743,0.63529216416238743,0.63380448458060812,0.63380448458060812,0.63239971435076525,0.63226275972961055,0.63312907590408929,0.63135186655245534,0.63251325403138414,0.631815974175573,0.62977348671519273,0.63056500030532947,0.63509814592983527,0.63602165628421758,0.63533629268366276,0.63619195077496282,0.63418014543235379,0.63147550274767361,0.63147550274767361,0.62691459413208661,0.62629875847441963,0.62715831635510355,0.62712552833640256,0.62259359168372053,0.62162082289924347,0.60794999145203965
0.0,0.0,0.0,0.0,0.0,0.0,0.0,0.0,0.0,0.0,0.0,0.0,0.0,0.0,0.0,0.0,0.0,0.0,0.0,0.0,0.0,0.0,0.0,0.0,0.0,0.0,0.0,0.0,0.0,0.0,0.0,0.0,0.0,0.0,0.0,0.0,0.0,0.0,0.0,0.0,0.0,0.0,0.0,0.0,0.0,0.0,0.0,0.0,0.0,0.0,0.0,0.0,0.0,0.0,0.0,0.0,0.0,0.0,0.0,0.0,0.57772144835412642,0.58077549048002819,0.58243009584333105,0.58188652910743133,0.58586249277057545,0.58655930560550962,0.58518840904350633,0.58540314261512616,0.58705466831178743,0.59177281551099037,0.59463788584520594,0.61937255544624747,0.63545682293016914,0.63701343840828983,0.63585986419110518,0.63688050354945158,0.63835084416097709,0.63780037826045777,0.63694198745250774,0.63644034568866903,0.63526644139301702,0.63170356484211931,0.63084456603676198,0.62609865809590215,0.62795267189936921,0.6256752819419561,0.62415912087556535,0.61976596893878877,0.61742186876635941,0.6129683182705622
0.0,0.0,0.0,0.0,0.0,0.0,0.0,0.0,0.0,0.0,0.0,0.0,0.0,0.0,0.0,0.0,0.0,0.0,0.0,0.0,0.0,0.0,0.0,0.0,0.0,0.0,0.0,0.0,0.0,0.0,0.0,0.0,0.0,0.0,0.0,0.0,0.0,0.0,0.0,0.0,0.0,0.0,0.0,0.0,0.0,0.0,0.0,0.0,0.0,0.0,0.0,0.0,0.0,0.0,0.0,0.0,0.0,0.0,0.0,0.0,0.62434531514351843,0.62335823971994864,0.62242892801631877,0.61869744804903559,0.61861917328416716,0.61677993740199499,0.61498948952908872,0.60848162233784997,0.55800363947480081,0.55312201782125858,0.55464753042538295,0.58105054868691419,0.58128380613917141,0.58794857741039319,0.60085038253062795,0.60344974527936313,0.60245118078366866,0.60333651870060678,0.60245118078366866,0.61949270520424327,0.61949111105476429,0.61771390170313034,0.61771967887631651,0.61731339382892614,0.61905040315972182,0.61935822630425563,0.61707407660891722,0.61496295254955635,0.61496802714121745,0.61495383683740668
0.0,0.0,0.0,0.0,0.0,0.0,0.0,0.0,0.0,0.0,0.0,0.0,0.0,0.0,0.0,0.0,0.0,0.0,0.0,0.0,0.0,0.0,0.0,0.0,0.0,0.0,0.0,0.0,0.0,0.0,0.0,0.0,0.0,0.0,0.0,0.0,0.0,0.0,0.0,0.0,0.0,0.0,0.0,0.0,0.0,0.0,0.0,0.0,0.0,0.0,0.0,0.0,0.0,0.0,0.0,0.0,0.0,0.0,0.0,0.0,0.64039853056148355,0.64039853056148355,0.63946921885785368,0.6362987281075001,0.6362987281075001,0.6362987281075001,0.63372789308308775,0.63239643095064679,0.62499754566688337,0.61020243247758521,0.60920701291409063,0.60309164109591729,0.60064148039257381,0.57374389510255364,0.57943324139125862,0.57832100588640867,0.57283133594901958,0.56985269967251251,0.56429841624964461,0.61618195318949176,0.61785976467789294,0.616082555326259,0.61647305262273577,0.62424934473405891,0.63371351457055547,0.64887935042878997,0.65523503168497488,0.65970982314654325,0.66799777185773068,0.66776160827938347
0.0,0.0,0.0,0.0,0.0,0.0,0.0,0.0,0.0,0.0,0.0,0.0,0.0,0.0,0.0,0.0,0.0,0.0,0.0,0.0,0.0,0.0,0.0,0.0,0.0,0.0,0.0,0.0,0.0,0.0,0.0,0.0,0.0,0.0,0.0,0.0,0.0,0.0,0.0,0.0,0.0,0.0,0.0,0.0,0.0,0.0,0.0,0.0,0.0,0.0,0.0,0.0,0.0,0.0,0.0,0.0,0.0,0.0,0.0,0.0,0.63780089220089153,0.63780089220089153,0.63787877100063839,0.63609487809960052,0.63721783478274141,0.63721783478274141,0.63421915016140584,0.62985726925617858,0.62720048752288571,0.62897769687451965,0.63214487650714668,0.62879512009216221,0.6269461128666749,0.63513389850095847,0.63049538947716788,0.63162120240646602,0.63001710151839396,0.63097433800525804,0.6318688305334309,0.62912642897100024,0.63195282419115317,0.63047838313064608,0.63058374768488235,0.62879985478384448,0.63045598939251435,0.62845253023050307,0.64043444995719279,0.63947845534229553,0.6402288334976507,0.63844494059661283
