1,59.67753485,59.35816636,1.32,79,62,0.988599489,Sessile
2,58.76876944,54.59090096,1.38,30,26,0.988022738,Sessile
3,59.50164477,53.54034483,1.26,35,60,0.989868029,Sessile
4,59.48210143,48.81851499,1.19,40,53,0.989803896,Sessile
5,59.21826631,44.06061392,0.9,21,56,0.99112229,Sessile
6,60,41.73967925,1.41,49,20,0.990822699,Sessile
7,59.0521479,36.84785366,0.86,16,25,0.991387541,Sessile
8,59.63549552,28.98856073,0.93,47,94,0.989650961,Sessile
9,59.50684688,16.69460482,2.46,136,93,0.992096886,Rowan
10,59.3567568,10.2982957,1.36,79,78,0.996956938,Sessile
11,60,8.271768331,0.63,25,24,0.998092643,Sessile
12,59.47468472,2.518459948,0.9,32,49,0.999996666,Sessile
13,59.56051998,57.81658902,1.49,50,40,0.989818514,Hazel
14,56.63854513,56.94365495,1.17,30,16,0.984028736,Sessile
15,57.53753888,54.17428944,1.07,27,16,0.986190927,Sessile
16,58.29972922,51.25253063,1.08,24,25,0.989669127,Sessile
17,56.63854513,49.1566109,0.92,36,41,0.989374434,Sessile
18,57.75251564,46.71695832,1,20,40,0.990164967,Sessile
19,56.83397855,44.27041776,0.95,34,61,0.989661602,Sessile
20,57.94794906,41.49154777,0.87,15,32,0.989802515,Sessile
21,58.35835925,41.36901326,0.76,26,45,0.990309539,Sessile
22,58.33881591,38.722918,1.39,38,68,0.990616613,Sessile
23,57.99680742,32.01575282,1.33,42,58,0.987400001,Sessile
24,57.47890885,29.46928694,1.3,31,32,0.98677387,Sessile
25,57.587838,28.49226814,0.91,40,98,0.986899991,Sessile
26,56.47288312,21.29016961,2.15,158,123,0.980412429,Rowan
27,57.31982,18.6518683,1.75,126,138,0.987401818,Rowan
28,58.13459472,15.20008075,2.38,143,125,0.992084645,Rowan
29,57.71648664,12.81758582,0.89,42,34,0.993792447,Sessile
30,57.20189208,9.70715418,0.93,47,64,0.995453026,Sessile
32,57.78081096,4.276241549,0.96,36,46,0.998379603,Sessile
33,57.11612632,2.153396131,0.62,19,31,0.999933357,Sessile
34,55.58783797,58.30387387,2.5,120,100,0.983498724,Aspen
35,54.97736104,54.65974088,1,45,113,0.986138314,Sessile
36,55.38777123,51.36534929,1.21,55,94,0.986977557,Sessile
37,54.06859562,49.28207466,1.37,55,63,0.987567212,Sessile
38,55.59297632,51.4217396,0.97,41,47,0.987850569,Sessile
39,55.11416443,43.90180699,1.11,51,54,0.987811351,Sessile
40,56.16950492,40.85004727,0.97,27,36,0.986800758,Sessile
41,55.89589813,38.53095205,1.04,45,44,0.988956271,Sessile
43,56.17927659,33.98569821,1.03,30,24,0.988224486,Sessile
44,55.57343298,31.69999477,1,33,62,0.98547712,Sessile
45,55.45617292,27.95467811,1.14,49,19,0.983782893,Sessile
46,54.56459496,20.19208308,2.53,186,139,0.972644587,Rowan
47,55.77603632,16.74044522,2.44,139,95,0.990041905,Rowan
48,55.82963992,14.48593071,2.26,126,89,0.9907859,Rowan
49,55.72243272,11.2325206,1.77,125,52,0.992501369,Rowan
50,54.86477512,9.201342091,0.95,40,47,0.994761072,Sessile
51,55.74387416,7.428019342,0.94,40,49,0.997347467,Sessile
52,54.65762738,3.194322319,0.95,38,56,0.999176897,Sessile
53,53.64115058,60,1.57,110,75,0.984091828,Rowan
54,53.58306783,56.99195311,1.89,88,76,0.979553535,Aspen
55,56.61604891,54.35874072,0.9,28,52,0.986346603,Sessile
56,52.70056167,54.04388519,1.24,53,115,0.981069378,Sessile
57,52.90576676,51.66021746,0.58,14,15,0.983261238,Sessile
59,53.24777525,46.61853157,0.81,37,46,0.985956887,Sessile
60,52.64193164,43.73854824,1.25,54,69,0.988595331,Sessile
62,53.60932708,39.00824479,1.23,58,80,0.987284254,Sessile
63,53.91224889,35.85703159,1.05,40,53,0.986063927,Sessile
64,53.02302681,33.40984834,0.96,49,39,0.984036673,Sessile
65,53.26731859,30.57771896,1.57,57,46,0.9831851,Sessile
66,53.5139644,22.31827403,1.92,120,106,0.975142815,Rowan
67,52.84927976,18.87699325,2.24,163,286,0.984430806,Rowan
68,52.79567616,16.63732176,2.14,97,114,0.983521371,Rowan
69,53.41747792,14.33386098,2.72,174,119,0.988043312,Rowan
70,56.04405432,12.45063078,1.94,106,92,0.992671366,Rowan
72,52.31077126,54.98658851,2.14,97,110,0.97914064,Aspen
73,52.94694885,50.99460105,1.76,68,82,0.979992276,Aspen
74,49.97426542,50.16167478,2.23,104,105,0.980424559,Aspen
75,50.97097588,45.89310536,1.32,54,64,0.986910923,Aspen
76,49.90586372,43.59135612,1.26,62,57,0.987592626,Aspen
77,51.49864612,40.42100531,1.06,45,68,0.985805272,Sessile
78,51.85042628,37.8203873,1.04,45,25,0.983560364,Sessile
79,50.47262065,35.61720617,1.39,56,82,0.986349004,Sessile
80,50.93188919,33.82206149,1.29,38,81,0.985677508,Hazel
81,50.84394415,32.17641694,1.13,34,62,0.985252794,Sessile
82,51.17684744,23.80388991,1.7,128,80,0.979806991,Rowan
83,51.12324384,20.77448301,2.38,195,192,0.967385299,Rowan
84,49.19351423,19.07790404,2.28,141,144,0.977375134,Rowan
85,49.69738808,16.60107067,2.77,162,134,0.978032251,Rowan
86,50.63009072,14.72396873,2.62,176,129,0.983521319,Rowan
87,50.52288352,11.97789258,2.87,205,95,0.987597069,Rowan
88,51.84153208,10.67971674,1.97,115,74,0.990918375,Rowan
89,52.3882888,8.369298706,2.04,131,88,0.993689987,Aspen
90,48.61913894,7.721307771,2.29,133,86,0.992985204,Aspen
91,49.79856032,5.066154506,1.4,56,83,0.996215365,Aspen
93,49.98425452,59.04417202,2.18,186,78,0.982524577,Rowan
94,49.68658935,55.8674496,2.59,146,153,0.979776896,Rowan
95,50.9592012,52.85003184,2.08,115,104,0.978115566,Aspen
96,48.55737311,48.12769339,2.24,107,89,0.982875083,Aspen
97,48.23490796,45.54385853,1.75,69,73,0.985759834,Aspen
99,49.18276006,38.92443392,1.35,57,36,0.98289421,Aspen
100,48.48897141,36.68034024,1.96,92,105,0.983023462,Aspen
101,47.28522607,27.17793326,2.03,141,132,0.977579942,Rowan
102,48.57171247,25.78583287,2.35,190,174,0.978834374,Rowan
103,48.13216295,21.81252061,1.22,48,100,0.975932752,Sessile
104,47.69261343,15.81206341,1.53,94,57,0.978137853,Rowan
105,48.17504583,13.29651972,2,136,119,0.982313532,Rowan
106,46.2485253,9.644004963,2.54,172,115,0.988221702,Rowan
108,47.28380245,3.814875381,0.89,0,0,0.994186635,Aspen
109,49.78460512,3.814875381,1.08,0,0,0.997819019,Aspen
110,47.27533008,59.28781444,2.55,120,140,0.981403588,Rowan
111,47.43060973,57.13251605,2.22,111,103,0.975470669,Rowan
112,47.46248411,55.03344283,2.16,120,74,0.979094011,Rowan
113,48.25968902,52.89688616,2.23,125,110,0.979171392,Rowan
114,49.68436015,51.21950175,2.27,98,104,0.982980918,Aspen
115,49.4500867,49.36407096,2.29,116,137,0.982365257,Aspen
116,48.8626407,46.7496003,1.7,76,103,0.981747573,Aspen
117,46.40760546,45.00088684,1.61,41,52,0.983374988,Aspen
118,47.2381975,36.72807645,1.4,36,74,0.983826802,Aspen
121,44.98027127,29.82914325,0.91,36,58,0.978974066,Sessile
122,44.50855959,27.28714283,1.07,60,91,0.979372835,Sessile
123,45.73072167,24.59063944,0.98,44,68,0.97207768,Sessile
124,46.42756847,22.28727349,0.83,35,48,0.975306358,Sessile
125,44.05828935,22.71401584,1.24,67,81,0.977748908,Sessile
126,43.83315423,20.09140556,1.42,86,75,0.979179429,Sessile
127,45.55919015,17.1624963,0.93,43,63,0.976068995,Sessile
128,41.10477433,14.21168242,1.05,51,97,0.980087059,Sessile
129,43.22536508,11.54635615,2.48,198,199,0.98244455,Rowan
130,44.39422529,9.186219917,2.56,142,167,0.987285857,Rowan
131,44.26221673,6.134319613,1.81,85,105,0.994124382,Aspen
132,44.77610574,2.828094282,1.76,103,116,0.995370535,Aspen
133,46.60577852,0.824013082,1.94,104,103,0.998832485,Aspen
134,43.78770003,59.22221841,1.49,106,63,0.977172779,Downy Birch
135,44.61906552,56.96384052,1.29,75,67,0.977728142,Downy Birch
136,44.75379013,54.339999,0.97,40,49,0.976622314,Downy Birch
137,46.22706587,51.68804488,1.27,63,84,0.979560308,Downy Birch
138,47.14686191,48.90489869,2.26,104,92,0.974769704,Aspen
139,45.68750276,47.10569308,1.2,61,73,0.978071312,Sessile
140,44.40441288,44.91600575,1.1,44,68,0.981097567,Sessile
141,44.49235792,41.80067804,1.04,57,56,0.98364313,Sessile
142,45.28386328,38.82435013,1.02,31,43,0.983736316,Sessile
143,45.06888651,35.98671823,0.83,29,29,0.982246984,Sessile
144,42.53594711,29.84310571,1.52,81,112,0.980282657,Sessile
145,41.92486607,27.08852002,1.14,48,92,0.980230675,Sessile
147,41.47459583,22.8550416,1.43,79,73,0.980773195,Sessile
148,41.32450575,20.44522972,1.03,47,68,0.97968695,Sessile
149,38.67483055,15.92074659,1.24,61,86,0.978900155,Sessile
150,39.04662221,13.34697733,2.48,198,106,0.978383617,Rowan
151,38.20347375,9.369333936,2.33,167,144,0.983910019,Rowan
152,41.04818966,9.318468931,1.91,124,104,0.986615152,Rowan
153,42.47336704,7.589058758,2.52,152,154,0.986237352,Rowan
154,39.97942351,6.754872675,1.88,112,82,0.98939981,Rowan
155,41.79849999,4.679580467,1.87,102,64,0.991355745,Hazel
156,42.50996097,1.373355137,2.07,145,113,0.993306203,Hazel
157,41.17903252,60,1.07,46,88,0.979856381,Sessile
158,42.15379976,58.05086058,1.39,76,85,0.974964085,Downy Birch
159,41.21031406,55.30519784,1.23,46,59,0.977855362,Sessile
160,41.94504832,53.0374491,0.85,46,45,0.978479594,Sessile
161,43.79226165,51.50999849,1.12,45,63,0.977589715,Sessile
162,44.10584838,49.2047663,0.96,39,60,0.976928052,Sessile
163,44.60137455,44.64115622,1.11,50,62,0.981239344,Sessile
164,41.71720331,42.71015644,1.02,38,36,0.980197243,Sessile
165,43.12432396,39.76960934,1.26,66,65,0.984081719,Sessile
166,42.46962199,36.36731252,0.91,36,47,0.984024516,Sessile
167,39.38405543,31.21462209,1.13,59,72,0.979293092,Sessile
168,39.24468607,28.95080747,0.91,37,89,0.978906496,Sessile
169,37.93675823,26.85862251,1.43,89,85,0.979863139,Sessile
170,39.87720855,25.25417107,0.97,33,67,0.975879945,Sessile
171,38.80513655,22.98351518,0.91,34,68,0.980027235,Sessile
172,41.82837959,23.37030639,0.66,27,47,0.978338322,Sessile
173,36.11548693,15.20863652,0.94,43,81,0.978397144,Sessile
174,36.37737332,12.52296425,0.9,32,43,0.979913893,Sessile
175,35.47757916,9.827118981,1.23,69,65,0.981956532,Sessile
176,37.18433305,7.975632796,0.62,24,31,0.985431737,Sessile
177,34.99294678,6.632796662,0.76,31,63,0.985745495,Sessile
178,37.55358738,5.015289501,0.83,28,31,0.988187948,Sessile
179,37.69088747,1.149549115,1.34,84,44,0.996929605,Hazel
180,35.61478262,2.950170295,0.78,28,47,0.993093423,Sessile
181,40.79112105,56.48592653,0.9,38,91,0.977655029,Sessile
182,39.703594,54.50867452,1.15,59,72,0.975122725,Sessile
183,39.52562038,52.26903836,0.89,32,79,0.977385787,Sessile
184,41.34265462,50.18870687,1.19,57,92,0.978720109,Sessile
185,42.75399483,47.28373947,1.28,77,56,0.979671609,Sessile
186,42.53386264,42.29844057,1.2,58,84,0.982308935,Sessile
187,40.33939769,39.17734723,1.21,27,59,0.98346503,Sessile
188,36.90756911,31.51449977,0.96,52,74,0.977623148,Sessile
189,36.54306463,28.89680632,1.05,56,69,0.981453673,Sessile
190,30.93890032,22.32973723,0.99,30,61,0.977804028,Sessile
191,31.99261194,19.73562197,0.94,44,81,0.978235209,Sessile
192,32.4015349,17.09064171,1.13,62,84,0.976529372,Sessile
193,33.50228361,14.49652645,0.93,30,49,0.976871256,Sessile
194,33.66518031,11.95327619,0.99,42,63,0.980345455,Sessile
195,32.69219219,8.860683885,1.18,60,89,0.981502104,Sessile
196,33.3931189,4.893213489,1.01,43,87,0.98673411,Sessile
197,34.52854164,0.732456073,1.22,78,74,0.997426344,Sessile
198,36.83415953,60,1.23,60,65,0.980389421,Downy Birch
199,38.72769993,58.49129112,0.95,20,58,0.97389512,Sessile
200,37.33109788,56.71082723,1.2,57,83,0.977913752,Downy Birch
201,36.68716055,54.60238315,1.21,57,86,0.978764818,Downy Birch
202,37.99148821,49.68268029,1.31,47,55,0.979263608,Sessile
203,40.48655477,47.65857397,0.93,29,55,0.979260159,Sessile
204,38.41255264,46.48721615,1.49,77,94,0.980143872,Sessile
205,40.97569134,45.26900401,1.3,48,84,0.981632406,Sessile
206,38.52176139,43.82589117,0.87,34,77,0.981775893,Sessile
207,39.53847281,41.37072517,0.8,23,64,0.982888368,Sessile
208,38.70752861,41.2407208,0.75,27,24,0.981569829,Sessile
209,36.39801657,38.4844995,0.94,48,52,0.983206686,Sessile
210,34.93566355,28.3647203,2.53,168,84,0.978705786,Rowan
211,34.74198367,31.15860676,0.9,29,65,0.979137337,Sessile
212,33.68063239,28.40434887,1.1,51,94,0.980579216,Sessile
213,28.40168213,22.78752228,1.17,61,53,0.975370036,Sessile
215,29.8905606,18.35209383,1.13,51,63,0.972467736,Sessile
216,29.86727131,15.94109259,1.23,69,88,0.973743714,Sessile
217,31.56499838,13.27576633,1.32,68,108,0.976749828,Sessile
218,28.90200184,13.0316143,0.9,32,30,0.97806067,Sessile
219,30.7205478,11.0173601,1.42,97,88,0.97865743,Sessile
220,31.33386119,6.958332695,1.23,66,81,0.982993867,Sessile
221,32.14412811,2.614461261,0.92,44,83,0.989264275,Sessile
222,34.72651777,58.27576128,1.33,67,65,0.978881045,Downy Birch
223,33.8975637,55.70814493,0.59,22,25,0.977984051,Downy Birch
224,36.18953634,52.01602507,1.17,69,80,0.979257109,Downy Birch
225,33.2131245,53.29983325,0.72,22,43,0.980479955,Downy Birch
226,33.33308959,50.20744859,1.45,73,83,0.98033784,Downy Birch
227,35.82126001,48.63314368,1.37,65,68,0.977584327,Sessile
228,35.33888928,46.16860682,1.26,53,97,0.981681419,Sessile
230,37.05201246,40.70539393,1,47,79,0.981573469,Sessile
231,34.21291867,41.62373846,1.31,69,44,0.982241026,Sessile
232,32.75852406,46.72148771,1.17,52,89,0.981663846,Sessile
233,32.78372295,43.9945667,1.16,43,86,0.982040242,Sessile
234,31.78554217,34.13793952,1.99,108,74,0.978624881,Rowan
235,30.55018215,31.61321785,1.59,98,89,0.976641536,Rowan
236,32.31910095,31.54036033,0.72,12,40,0.979425966,Sessile
238,25.95204814,26.37859163,1.27,72,91,0.974106605,Sessile
239,26.30491517,23.86586038,1.16,56,94,0.976450231,Sessile
240,26.09730147,21.61762716,1.01,41,81,0.97598086,Sessile
241,25.99925721,19.26766392,1.17,59,54,0.975134761,Sessile
242,27.27429494,16.9990847,1.25,75,87,0.969955415,Sessile
243,26.88872173,14.48635345,1.05,57,58,0.972509255,Sessile
244,28.44541322,10.52905605,1.07,46,75,0.979150971,Sessile
245,28.723665,8.250303824,0.97,44,46,0.981449215,Sessile
246,29.56104575,5.147538514,1.28,79,87,0.98725199,Sessile
247,30.73243439,0,1.27,72,91,0.996836505,Sessile
248,31.63002861,58.80052959,1.17,49,59,0.979874638,Sessile
249,29.64975766,56.36410532,1.05,45,76,0.979565535,Sessile
250,30.20908687,54.06824398,0.95,38,45,0.976733115,Sessile
251,28.77502033,51.97854162,1.29,75,87,0.979982981,Downy Birch
252,22.62652599,30.061218,1.64,90,45,0.978657148,Rowan
253,21.72001971,28.0774828,1.58,102,94,0.97509258,Rowan
254,23.22898684,25.83942258,2.55,162,81,0.975070217,Rowan
255,24.19868243,23.41824834,2.03,119,184,0.969830624,Rowan
256,23.23990484,20.15271501,2.2,168,107,0.972238501,Rowan
257,25.18872599,16.43956964,1.63,110,93,0.972651296,Rowan
258,25.96027896,11.72947017,0.83,39,63,0.972821078,Sessile
259,26.32413821,7.385598738,1.23,59,73,0.981169489,Sessile
260,26.86863861,4.852521485,0.92,38,77,0.982631184,Sessile
261,28.66701986,2.248233225,1.05,42,94,0.99165551,Sessile
262,26.6882595,57.73045097,0.88,36,31,0.982143491,Sessile
263,27.32934344,49.03555646,0.99,44,57,0.982409233,Downy Birch
264,28.47992651,51.36562679,1.29,75,87,0.980891598,Downy Birch
265,27.96909088,43.83072401,1.22,71,102,0.981512761,Sessile
266,28.50328984,40.42135702,1.05,50,69,0.983085051,Sessile
267,32.40842226,31.48724373,2.1,129,55,0.979129985,Rowan
268,26.33070265,24.09295666,2.09,131,100,0.974625826,Rowan
269,26.80106893,21.21129788,2.42,161,93,0.976172339,Rowan
270,26.81735427,19.69495303,1.84,108,90,0.974547773,Rowan
271,25.8532087,17.19692828,1.26,74,75,0.974625944,Sessile
272,27.86264827,15.0582685,2.49,144,115,0.970700203,Rowan
273,28.22338974,12.9634337,2.33,153,65,0.976944121,Rowan
274,27.56416343,10.52676395,1.87,124,83,0.978179575,Rowan
275,28.67996172,8.431929158,1.15,61,117,0.980641539,Sessile
276,29.50140242,6.249444376,0.79,31,41,0.984752709,Sessile
277,29.63768285,4.145844586,1.22,58,65,0.98601767,Sessile
278,31.23622496,1.174509883,1.1,56,72,0.99385499,Sessile
279,24.91100353,59.51582954,0.98,43,57,0.981226523,Sessile
280,25.68385858,55.09777409,1.41,86,84,0.978817817,Sessile
281,25.9778881,52.36422837,1.24,68,98,0.977290424,Sessile
282,25.01606237,49.51972692,1.6,99,71,0.978648662,Sessile
283,25.92904403,46.36253204,1.09,54,46,0.980485269,Sessile
284,26.06473118,42.02517167,0.93,27,81,0.981716262,Sessile
285,26.64208205,35.40817538,0.98,45,97,0.979057622,Sessile
286,29.05912665,32.50514755,1.25,69,78,0.976035712,Sessile
287,29.58012819,29.98500619,1.1,57,88,0.977989129,Sessile
288,25.02076118,21.52468629,1.7,90,65,0.974010482,Rowan
289,23.10717175,20.81687292,1.22,57,91,0.973115197,Sessile
290,24.42871861,19.49335805,0.89,16,43,0.974208322,Sessile
291,22.88536399,17.86306822,0.93,40,39,0.972283455,Sessile
292,24.03382329,15.61046344,1.29,67,76,0.975915719,Sessile
293,25.88398949,13.96264361,2.28,163,177,0.975448924,Rowan
294,24.85356496,10.018394,1.83,107,165,0.974463553,Rowan
295,26.1115015,8.055034195,0.96,49,68,0.981032746,Sessile
296,26.84792093,5.618364439,0.91,45,37,0.982839986,Sessile
297,28.43619735,2.349019765,1.25,71,82,0.990360451,Sessile
298,24.14643408,57.43793132,1.02,52,66,0.9810926,Sessile
299,23.67135447,53.75621844,1.08,46,67,0.975631335,Sessile
300,22.98765466,51.08319403,1.56,121,72,0.976832387,Sessile
301,23.3648208,47.44182869,1.17,65,79,0.980454584,Sessile
302,24.48362795,43.39698797,0.9,30,76,0.979797491,Sessile
303,27.08144734,34.73924567,1.15,65,64,0.97997992,Sessile
304,26.44348627,32.68471975,1.12,52,62,0.979430524,Sessile
305,26.95385513,30.10250192,1.39,81,74,0.979206751,Sessile
306,23.15695184,23.86041284,0.89,33,31,0.97357052,Sessile
307,22.64704174,21.16351125,1.09,55,71,0.97178614,Sessile
308,21.42787759,19.0551081,1.37,79,68,0.97590314,Sessile
309,20.52126042,16.33795837,0.97,46,67,0.975686564,Sessile
310,22.03122608,14.63754854,2.14,152,91,0.975044716,Rowan
311,21.76177322,10.83353892,1.53,78,77,0.974078686,Rowan
312,22.87402617,8.957829105,0.98,50,113,0.9773967,Sessile
313,23.34014134,6.968174304,1,49,85,0.981734958,Sessile
314,23.00147853,4.715569529,1.09,57,87,0.984633476,Sessile
315,25.80554693,3.523529648,1.13,58,92,0.98762262,Sessile
316,22.95774216,2.366549764,1.05,42,64,0.989106461,Sessile
317,25.99014395,1.165744884,1.01,45,67,0.993830915,Sessile
318,23.38259833,0.227889977,0.9,40,68,0.995327598,Sessile
319,22.13276862,59.18296235,1.03,50,35,0.97901389,Sessile
320,21.73653063,56.41915597,0.88,36,52,0.977028549,Sessile
321,20.88803072,54.1092594,0.83,28,42,0.977579003,Sessile
322,20.83536305,51.61779891,1.3,74,68,0.979238701,Sessile
323,21.23898278,48.98512203,1.01,41,52,0.978451681,Sessile
324,22.6986983,45.32358293,0.66,24,23,0.977035265,Sessile
326,20.98543814,19.44520658,1.05,46,50,0.973930548,Sessile
327,18.95458928,17.79776266,0.83,31,49,0.974178569,Sessile
330,20.19947562,9.597674041,0.94,38,64,0.979820328,Sessile
331,19.95254273,7.143474286,0.91,40,58,0.983891725,Sessile
332,20.20063284,5.066169494,0.96,25,76,0.986136511,Sessile
333,20.0048447,2.90121471,1.19,59,99,0.988466762,Sessile
334,21.07505556,0.850204915,1.15,51,117,0.994864167,Sessile
335,19.60812831,57.28662805,0.83,31,56,0.97921208,Sessile
336,18.55220359,54.97673148,1.12,55,68,0.980576265,Sessile
337,18.99732648,52.09188248,0.91,43,70,0.980303799,Sessile
338,19.17329761,49.07590399,1.09,64,79,0.978444829,Sessile
339,20.5965717,46.92739758,0.93,51,83,0.979917292,Sessile
340,21.02997809,44.1635912,1.11,86,85,0.980524122,Downy Birch
341,23.45570194,36.83103105,0.85,35,58,0.978846177,Sessile
342,24.30631669,34.4401157,1.7,46,80,0.980507156,Sessile
343,24.22125522,31.6170742,1.04,59,46,0.978611175,Sessile
344,20.0095757,26.3356919,0.81,28,40,0.976817252,Sessile
345,19.42933317,22.45040969,1.33,80,66,0.976119575,Sessile
346,18.71721734,19.17786327,0.9,33,54,0.977596209,Sessile
347,17.31056879,15.6337223,0.78,21,41,0.976217584,Sessile
348,17.83177806,12.30605877,2.18,133,93,0.975054141,Rowan
349,18.08568525,8.098859191,0.75,25,41,0.980355763,Sessile
350,17.39348966,6.40721436,2.43,162,119,0.98334167,Rowan
351,18.04829263,0.964149904,1.01,55,104,0.995682481,Sessile
352,17.0459467,57.63966901,0.97,40,43,0.982595606,Sessile
353,17.31137794,52.71726933,0.97,43,70,0.977924122,Sessile
354,18.14601326,46.60461727,1.31,83,110,0.981444755,Sessile
355,21.31853236,38.60471514,0.83,30,55,0.979869149,Sessile
356,21.43549189,35.18832684,1.5,100,78,0.981610092,Sessile
357,21.71194168,32.42363021,1,36,47,0.981064311,Sessile
358,22.3180047,30.71645887,0.9,33,41,0.977972449,Sessile
359,17.0819884,25.49939264,0.99,37,47,0.979297847,Sessile
360,17.22265325,21.8132372,0.93,39,52,0.976508453,Sessile
361,16.35228946,18.93565046,1.07,52,58,0.978951287,Sessile
362,15.01597333,16.44235539,1.12,49,110,0.979089117,Sessile
363,16.45525807,14.0327636,1.06,48,87,0.978355233,Sessile
364,14.64288194,12.34988377,1.22,78,75,0.976708411,Rowan
365,16.22806754,10.15863399,2.47,207,136,0.979981054,Rowan
366,16.70201661,4.312379569,2.41,163,148,0.989199353,Rowan
367,14.81859881,57.96244931,0.92,38,94,0.984413508,Sessile
368,15.61879076,55.13812163,1.36,80,82,0.981391091,Sessile
369,16.69546635,50.03415803,1.17,72,82,0.979585175,Sessile
370,16.29263456,47.50235,1.02,43,71,0.981888718,Sessile
371,19.1707301,39.91889453,1.31,74,93,0.980737349,Sessile
372,18.8942803,36.72116667,1.06,55,90,0.980596533,Sessile
373,19.38338378,33.50990236,1.52,97,69,0.981320919,Sessile
374,10.09270339,32.5198772,1.29,73,72,0.982637225,Sessile
375,15.59621586,23.07352769,1.17,70,74,0.97967994,Sessile
376,15.01597333,20.63935297,0.88,25,46,0.976862644,Sessile
377,13.4334937,18.67617725,1.12,59,100,0.982287338,Sessile
378,13.69724031,15.00793249,2,75,69,0.980578629,Rowan
379,13.24887108,12.91507787,1.65,67,48,0.979814209,Rowan
380,12.81478898,10.70206393,1.84,48,73,0.980980761,Rowan
381,13.65427161,8.537109147,2.55,160,132,0.983223967,Rowan
382,13.78144955,6.442274356,2.39,140,135,0.986521511,Rowan
383,13.71622554,4.20719958,2.67,207,163,0.987112357,Rowan
385,12.59602297,58.69879189,1.8,94,117,0.982716462,Rowan
386,12.94033945,55.97533305,1.6,65,56,0.982861248,Rowan
387,13.48577159,53.31239552,1.31,71,49,0.983807461,Rowan
388,14.56091411,50.64945799,1.31,73,102,0.980471775,Sessile
389,13.31892939,47.20983035,1.66,100,106,0.986053774,Downy Birch
390,16.35306871,39.52869489,1.62,99,88,0.979818994,Sessile
391,16.18294576,37.29656326,1.1,48,56,0.981294379,Sessile
392,17.10798931,35.10161923,1.41,103,89,0.981569831,Sessile
393,16.48066092,32.55615038,1.26,77,43,0.982651622,Sessile
394,11.45539417,30.81420197,1.11,74,57,0.983111916,Sessile
395,14.67310274,25.80347332,1.01,48,54,0.981556708,Sessile
396,12.85325118,24.42337038,0.89,32,34,0.981227923,Holly
397,11.2795631,22.70740901,0.81,42,45,0.98203522,Holly
398,16.78774103,11.66621383,0.6,19,32,0.97762817,Holly
399,13.975326,11.10525389,0.64,32,32,0.98209791,Holly
400,10.71462596,10.89489391,0.64,21,35,0.984815983,Holly
401,10.20459801,8.21280418,0.94,43,38,0.985561278,Holly
402,10.57493471,5.837489417,1.39,62,121,0.982080364,Downy Birch
403,11.71373716,2.655794735,1.27,73,115,0.991772736,Downy Birch
404,12.29348851,0.192829981,1.1,59,104,0.995939053,Downy Birch
405,10.76924736,57.23619362,1.46,76,82,0.983196567,Downy Birch
406,13.88628591,41.18537053,1.5,98,81,0.984287447,Downy Birch
407,13.87565323,38.59642066,1.43,73,126,0.980212327,Downy Birch
408,14.1733684,36.21420031,1.64,106,96,0.980085391,Downy Birch
409,14.47108356,33.21030715,1.51,57,108,0.983405855,Downy Birch
410,14.8538602,30.29926125,1.59,108,90,0.984174247,Downy Birch
411,12.62467079,27.88583325,0.6,15,20,0.981585729,Holly
412,10.9015263,26.38100447,1.21,61,67,0.984111294,Downy Birch
413,10.19820203,23.21682075,0.99,48,34,0.983099855,Downy Birch
414,10.02237096,20.37494988,1.12,45,83,0.983103457,Downy Birch
415,9.275088913,17.32359309,2.01,105,101,0.986934784,Rowan
417,8.439891333,11.29424349,1.17,53,92,0.986421016,Downy Birch
418,8.316809584,7.957284116,1.11,45,48,0.983303484,Downy Birch
419,7.527411068,5.539479447,1.53,96,89,0.987559912,Downy Birch
420,9.503471714,3.891659611,1.42,89,98,0.987197584,Downy Birch
421,7.675688689,2.515554749,1.57,95,111,0.989796174,Downy Birch
422,9.767815602,1.393634861,1.29,62,72,0.991785652,Downy Birch
423,4.259320246,58.38609847,1.31,45,65,0.9841403,Goat Willow
424,4.488332901,55.88455109,1.58,115,121,0.980568536,Goat Willow
425,5.635322768,53.66849609,1.33,83,116,0.988321484,Goat Willow
426,5.773547666,51.08024732,0.95,34,57,0.99015335,Goat Willow
427,5.826711088,48.04206478,1.29,69,79,0.987665094,Goat Willow
428,5.731016928,45.86992304,1.11,59,67,0.9866792,Goat Willow
429,5.539628608,43.30502989,1.82,127,93,0.985646956,Goat Willow
430,5.975568671,40.52003799,0.99,34,58,0.98643986,Goat Willow
431,6.347712627,37.81880301,1.29,61,64,0.985454011,Goat Willow
432,6.528468263,33.26647164,1.85,135,68,0.984250719,Rowan
433,6.18822236,31.13108659,2.27,169,102,0.984265716,Rowan
434,4.606774019,29.85969417,2.2,120,65,0.988006886,Downy Birch
435,4.914478391,25.12692419,1.25,69,136,0.986543291,Downy Birch
436,5.213391209,22.17297275,1.02,47,65,0.984832751,Downy Birch
437,4.844145963,19.42578812,1.05,56,95,0.985470771,Downy Birch
438,3.129793036,18.22190572,1.12,72,90,0.986602943,Sessile
439,3.463872068,21.27486042,1.32,68,73,0.984329771,Sessile
441,4.25511188,26.82504999,1.99,97,70,0.986363772,Rowan
444,2.90272286,54.63717837,1.99,134,166,0.982684957,Hazel
445,3.040947758,50.34662426,1.63,67,56,0.988676019,Goat Willow
446,3.232336078,44.9544704,1.38,76,83,0.987130216,Goat Willow
447,3.551316612,42.61895105,1.42,50,81,0.987277289,Goat Willow
449,4.348767947,36.66900566,0.91,35,68,0.984868621,Sessile
450,4.731544588,32.36727295,0.98,43,47,0.986383444,Sessile
451,2.971545073,29.998444,2.35,149,126,0.984981469,Rowan
452,1.67039516,16.33449758,1.18,78,46,0.987903943,Sessile
453,3.041877501,13.41179373,1.26,69,78,0.988785105,Sessile
454,1.230817486,11.16842381,1.02,44,52,0.989907057,Sessile
455,2.78692245,9.134709306,1.47,87,62,0.988147307,Downy Birch
457,0.478470801,55.04403123,1.76,98,174,0.98468658,Hazel
459,1.892617835,52.60479275,2.09,151,173,0.988363628,Hazel
462,2.041475418,37.50000473,0.66,22,20,0.987045586,Sessile
464,0.159490267,34.20848379,1.28,114,82,0.98722182,Sessile
465,1.073901131,32.09485235,1.48,65,86,0.985668785,Sessile
466,0.105498642,32.90652761,1.55,102,43,0.986163691,Sessile
467,0.448369227,30.1157766,1.91,115,90,0.988211634,Sessile
468,1.336316128,27.72806051,1.72,96,73,0.986065651,Rowan
469,1.837434676,24.95263821,2.48,145,98,0.986627282,Rowan
472,1.49456409,6.026561363,0.76,28,42,0.992120843,Sessile
