X,Y,H,CH,CW,GLE,girth10,Species
59.67753485,59.35816636,1.27,69,52,0.999849272,17.56,Sessile
58.76876944,54.59090096,1.33,20,16,0.999913065,16.8,Sessile
59.50164477,53.54034483,1.21,25,50,0.999849272,15.67,Sessile
59.48210143,48.81851499,1.14,30,43,0.999936207,11.74,Sessile
59.21826631,44.06061392,0.85,11,46,0.999936207,9.65,Sessile
60,41.73967925,1.36,39,10,0.999936207,12.43,Sessile
59.0521479,36.84785366,0.81,6,15,0.999936207,9.82,Sessile
59.63549552,28.98856073,0.88,37,84,0.999849272,12.75,Sessile
59.50684688,16.69460482,2.41,126,83,0.990601672,26.13,Rowan
59.3567568,10.2982957,1.31,69,68,0.990612802,16.13,Sessile
60,8.271768331,0.58,15,14,0.999913065,3.48,Sessile
59.47468472,2.518459948,0.85,22,39,1,11.37,Sessile
59.56051998,57.81658902,1.44,40,30,0.999849272,15.05,Hazel
56.63854513,56.94365495,1.12,20,6,0.985329675,11.17,Sessile
57.53753888,54.17428944,1.02,17,6,0.999913065,14.62,Sessile
58.29972922,51.25253063,1.03,14,15,0.999936207,11.44,Sessile
56.63854513,49.1566109,0.87,26,31,1,11.8,Sessile
57.75251564,46.71695832,0.95,10,30,1,9.9,Sessile
56.83397855,44.27041776,0.9,24,51,0.999936207,12.61,Sessile
57.94794906,41.49154777,0.82,5,22,0.999936207,7.02,Sessile
58.35835925,41.36901326,0.71,16,35,0.999936207,16.57,Sessile
58.33881591,38.722918,1.34,28,58,0.999936207,17.97,Sessile
57.99680742,32.01575282,1.28,32,48,0.999849272,15.04,Sessile
57.47890885,29.46928694,1.25,21,22,0.999849272,15.73,Sessile
57.587838,28.49226814,0.86,30,88,0.990602567,13.3,Sessile
56.47288312,21.29016961,2.1,148,113,0.985329675,32.26,Rowan
57.31982,18.6518683,1.7,116,128,0.983726779,24.74,Rowan
58.13459472,15.20008075,2.33,133,115,0.999913065,26.89,Rowan
57.71648664,12.81758582,0.84,32,24,0.999913065,4.69,Sessile
57.20189208,9.70715418,0.88,37,54,0.999913065,12.37,Sessile
58.02738752,7.183318419,-0.05,-10,-10,0.999913065,0,Sessile
57.78081096,4.276241549,0.91,26,36,0.999506966,8.98,Sessile
57.11612632,2.153396131,0.57,9,21,1,6.22,Sessile
55.58783797,58.30387387,2.45,110,90,0.950851784,32.01,Aspen
54.97736104,54.65974088,0.95,35,103,0.999849272,14.03,Sessile
55.38777123,51.36534929,1.16,45,84,0.999356238,15,Sessile
54.06859562,49.28207466,1.32,45,53,1,18.35,Sessile
55.59297632,51.4217396,0.92,31,37,0.999356238,10.89,Sessile
55.11416443,43.90180699,1.06,41,44,0.999936207,10.15,Sessile
56.16950492,40.85004727,0.92,17,26,0.989779628,11.47,Sessile
55.89589813,38.53095205,0.99,35,34,0.999936207,10.64,Sessile
56.66786014,36.17580446,-0.05,-10,-10,0.999849272,0,Sessile
56.17927659,33.98569821,0.98,20,14,0.999936207,11.01,Sessile
55.57343298,31.69999477,0.95,23,52,0.999849272,20.73,Sessile
55.45617292,27.95467811,1.09,39,9,0.980282603,10.51,Sessile
54.56459496,20.19208308,2.48,176,129,0.999849272,28.65,Rowan
55.77603632,16.74044522,2.39,129,85,0.99894869,26.81,Rowan
55.82963992,14.48593071,2.21,116,79,0.999913065,24.43,Rowan
55.72243272,11.2325206,1.72,115,42,0.999913065,22.78,Rowan
54.86477512,9.201342091,0.9,30,37,0.999936207,7.53,Sessile
55.74387416,7.428019342,0.89,30,39,1,10.08,Sessile
54.65762738,3.194322319,0.9,28,46,0.99974074,6.51,Sessile
53.64115058,60,1.52,100,65,0.999936207,14.58,Rowan
53.58306783,56.99195311,1.84,78,66,0.999936207,21.47,Aspen
56.61604891,54.35874072,0.85,18,42,0.999849272,10.65,Sessile
52.70056167,54.04388519,1.19,43,105,0.980142371,20.15,Sessile
52.90576676,51.66021746,0.53,4,5,0.984414955,2.23,Sessile
51.95791466,48.96081442,-0.05,-10,-10,0.990612802,3.53,Sessile
53.24777525,46.61853157,0.76,27,36,0.999849272,8.3,Sessile
52.64193164,43.73854824,1.2,44,59,0.999012483,14.92,Sessile
53.75590215,41.63367846,-0.05,-10,-10,0.983370203,3.09,Sessile
53.60932708,39.00824479,1.18,48,70,0.999936207,13.8,Sessile
53.91224889,35.85703159,1,30,43,0.999936207,12.55,Sessile
53.02302681,33.40984834,0.91,39,29,0.99894869,7.11,Sessile
53.26731859,30.57771896,1.52,47,36,0.999936207,18.92,Sessile
53.5139644,22.31827403,1.87,110,96,0.974301797,25.43,Rowan
52.84927976,18.87699325,2.19,153,276,0.99894869,39.44,Rowan
52.79567616,16.63732176,2.09,87,104,0.99894869,23.65,Rowan
53.41747792,14.33386098,2.67,164,109,0.999420031,28.24,Rowan
56.04405432,12.45063078,1.89,96,82,0.979170749,22.38,Rowan
52.80908954,5.747745574,-0.05,-10,-10,0.999913065,3.16,Rowan
52.31077126,54.98658851,2.09,87,100,0.999849272,30.2,Aspen
52.94694885,50.99460105,1.71,58,72,0.999849272,20.36,Aspen
49.97426542,50.16167478,2.18,94,95,0.999936207,27.28,Aspen
50.97097588,45.89310536,1.27,44,54,0.999936207,11.84,Aspen
49.90586372,43.59135612,1.21,52,47,0.999035625,13.02,Aspen
51.49864612,40.42100531,1.01,35,58,0.999936207,10.75,Sessile
51.85042628,37.8203873,0.99,35,15,0.999035625,8.69,Sessile
50.47262065,35.61720617,1.34,46,72,0.998776365,15.75,Sessile
50.93188919,33.82206149,1.24,28,71,0.999849272,19.36,Hazel
50.84394415,32.17641694,1.08,24,52,0.99894869,13.96,Sessile
51.17684744,23.80388991,1.65,118,70,0.999763882,22.33,Rowan
51.12324384,20.77448301,2.33,185,182,0.998776365,35.82,Rowan
49.19351423,19.07790404,2.23,131,134,0.99894869,31.8,Rowan
49.69738808,16.60107067,2.72,152,124,0.938545921,35.17,Rowan
50.63009072,14.72396873,2.57,166,119,0.999035625,29.47,Rowan
50.52288352,11.97789258,2.82,195,85,0.999936207,28.76,Rowan
51.84153208,10.67971674,1.92,105,64,0.999356238,20.68,Rowan
52.3882888,8.369298706,1.99,121,78,0.999936207,23.81,Aspen
48.61913894,7.721307771,2.24,123,76,0.999849272,30.02,Aspen
49.79856032,5.066154506,1.35,46,73,0.99974074,17.32,Aspen
53.21195536,5.41203654,-0.05,-10,-10,1,2.73,Aspen
49.98425452,59.04417202,2.13,176,68,0.99002263,18.45,Rowan
49.68658935,55.8674496,2.54,136,143,0.999849272,32.65,Rowan
50.9592012,52.85003184,2.03,105,94,0.970566825,25.11,Aspen
48.55737311,48.12769339,2.19,97,79,0.99974074,32.94,Aspen
48.23490796,45.54385853,1.7,59,63,0.999827675,19.2,Aspen
49.778832,41.23979387,-0.05,-10,-10,0.999936207,3.32,Aspen
49.18276006,38.92443392,1.3,47,26,0.998729623,11.37,Aspen
48.48897141,36.68034024,1.91,82,95,0.9988633,19.28,Aspen
47.28522607,27.17793326,1.98,131,122,0.99894869,29.43,Rowan
48.57171247,25.78583287,2.3,180,164,0.999849272,33.27,Rowan
48.13216295,21.81252061,1.17,38,90,0.99894869,18.99,Sessile
47.69261343,15.81206341,1.48,84,47,0.961211994,13.95,Rowan
48.17504583,13.29651972,1.95,126,109,0.950208364,31.41,Rowan
46.2485253,9.644004963,2.49,162,105,0.999936207,34.7,Rowan
46.4855767,7.060062705,-0.05,-10,-10,0.999222561,4.46,Aspen
47.28380245,3.814875381,0.84,1,44,0.989904715,11.68,Aspen
49.78460512,3.814875381,1.03,23,30,0.999827675,12.04,Aspen
47.27533008,59.28781444,2.5,110,130,0.999936207,24.13,Rowan
47.43060973,57.13251605,2.17,101,93,0.999849272,27.96,Rowan
47.46248411,55.03344283,2.11,110,64,0.943722316,23.44,Rowan
48.25968902,52.89688616,2.18,115,100,0.990612802,25.24,Rowan
49.68436015,51.21950175,2.22,88,94,0.999936207,26,Aspen
49.4500867,49.36407096,2.24,106,127,0.99002263,29.17,Aspen
48.8626407,46.7496003,1.65,66,93,0.99974074,26.56,Aspen
46.40760546,45.00088684,1.56,31,42,0.999849272,20.42,Aspen
47.2381975,36.72807645,1.35,26,64,0.999763882,10.37,Aspen
47.58020599,40.94126798,-0.05,-10,-10,0.9988633,2.71,Aspen
47.18933915,38.34152655,-0.05,-10,-10,0.99894869,3.67,Sessile
44.98027127,29.82914325,0.86,26,48,0.999035625,10.57,Sessile
44.50855959,27.28714283,1.02,50,81,0.998776365,15.28,Sessile
45.73072167,24.59063944,0.93,34,58,0.998776365,12.45,Sessile
46.42756847,22.28727349,0.78,25,38,0.990593322,11.25,Sessile
44.05828935,22.71401584,1.19,57,71,0.999849272,12.53,Sessile
43.83315423,20.09140556,1.37,76,65,0.999936207,15.48,Sessile
45.55919015,17.1624963,0.88,33,53,0.999763882,13.32,Sessile
41.10477433,14.21168242,1,41,87,0.999035625,16.73,Sessile
43.22536508,11.54635615,2.43,188,189,0.962907911,29.72,Rowan
44.39422529,9.186219917,2.51,132,157,0.990494888,30.09,Rowan
44.26221673,6.134319613,1.76,75,95,0.999827675,26.26,Aspen
44.77610574,2.828094282,1.71,93,106,0.998793415,24.81,Aspen
46.60577852,0.824013082,1.89,94,93,0.999827675,29.52,Aspen
43.78770003,59.22221841,1.44,96,53,0.999936207,25.2,Downy Birch
44.61906552,56.96384052,1.24,65,57,1,20.75,Downy Birch
44.75379013,54.339999,0.92,30,39,0.999936207,14.84,Downy Birch
46.22706587,51.68804488,1.22,53,74,0.999936207,18.31,Downy Birch
47.14686191,48.90489869,2.21,94,82,0.999676947,31.2,Aspen
45.68750276,47.10569308,1.15,51,63,0.999763882,14.17,Sessile
44.40441288,44.91600575,1.05,34,58,0.99954327,13.52,Sessile
44.49235792,41.80067804,0.99,47,46,0.99954327,13.56,Sessile
45.28386328,38.82435013,0.97,21,33,0.998815013,8.71,Sessile
45.06888651,35.98671823,0.78,19,19,0.999676947,8.87,Sessile
42.53594711,29.84310571,1.47,71,102,0.998729623,19.33,Sessile
41.92486607,27.08852002,1.09,38,82,0.998815013,16.02,Sessile
43.36144255,24.81889246,-0.05,-10,-10,0.983715605,5.18,Sessile
41.47459583,22.8550416,1.38,69,63,0.998793415,20.57,Sessile
41.32450575,20.44522972,0.98,37,58,0.998878805,9.62,Sessile
38.67483055,15.92074659,1.19,51,76,0.9988633,17.31,Sessile
39.04662221,13.34697733,2.43,188,96,0.975454817,38.75,Rowan
38.20347375,9.369333936,2.28,157,134,0.999035625,34.82,Rowan
41.04818966,9.318468931,1.86,114,94,0.998776365,22.89,Rowan
42.47336704,7.589058758,2.47,142,144,0.998776365,30.98,Rowan
39.97942351,6.754872675,1.83,102,72,0.990593322,24.2,Rowan
41.79849999,4.679580467,1.82,92,54,0.999849272,18.95,Hazel
42.50996097,1.373355137,2.02,135,103,0.999936207,37.51,Hazel
41.17903252,60,1.02,36,78,0.999763882,12.41,Sessile
42.15379976,58.05086058,1.34,66,75,0.999035625,13.97,Downy Birch
41.21031406,55.30519784,1.18,36,49,0.962907911,14.61,Sessile
41.94504832,53.0374491,0.8,36,35,0.990494888,9.84,Sessile
43.79226165,51.50999849,1.07,35,53,0.999827675,8.89,Sessile
44.10584838,49.2047663,0.91,29,50,0.998793415,14.85,Sessile
44.60137455,44.64115622,1.06,40,52,0.999827675,12.97,Sessile
41.71720331,42.71015644,0.97,28,26,0.999936207,10.28,Sessile
43.12432396,39.76960934,1.21,56,55,1,14.11,Sessile
42.46962199,36.36731252,0.86,26,37,0.999936207,8.44,Sessile
39.38405543,31.21462209,1.08,49,62,0.999936207,12.54,Sessile
39.24468607,28.95080747,0.86,27,79,0.999676947,11.35,Sessile
37.93675823,26.85862251,1.38,79,75,0.999763882,18.02,Sessile
39.87720855,25.25417107,0.92,23,57,0.99954327,13.22,Sessile
38.80513655,22.98351518,0.86,24,58,0.99954327,9.87,Sessile
41.82837959,23.37030639,0.61,17,37,0.998815013,7.73,Sessile
36.11548693,15.20863652,0.89,33,71,0.999676947,11.12,Sessile
36.37737332,12.52296425,0.85,22,33,0.998729623,8.49,Sessile
35.47757916,9.827118981,1.18,59,55,0.998815013,15.43,Sessile
37.18433305,7.975632796,0.57,14,21,0.983715605,6.32,Sessile
34.99294678,6.632796662,0.71,21,53,0.998793415,10.91,Sessile
37.55358738,5.015289501,0.78,18,21,0.998878805,8.18,Sessile
37.69088747,1.149549115,1.29,74,34,0.9988633,11.88,Hazel
35.61478262,2.950170295,0.73,18,37,0.975454817,8.83,Sessile
40.79112105,56.48592653,0.85,28,81,0.999035625,12.31,Sessile
39.703594,54.50867452,1.1,49,62,0.998776365,14.61,Sessile
39.52562038,52.26903836,0.84,22,69,0.998776365,10.29,Sessile
41.34265462,50.18870687,1.14,47,82,0.990593322,16.57,Sessile
42.75399483,47.28373947,1.23,67,46,0.999849272,16.2,Sessile
42.53386264,42.29844057,1.15,48,74,0.999936207,14.02,Sessile
40.33939769,39.17734723,1.16,17,49,0.999763882,10.91,Sessile
36.90756911,31.51449977,0.91,42,64,0.999035625,14.23,Sessile
36.54306463,28.89680632,1,46,59,0.962907911,12.82,Sessile
30.93890032,22.32973723,0.94,20,51,0.990494888,13.55,Sessile
31.99261194,19.73562197,0.89,34,71,0.999827675,13.59,Sessile
32.4015349,17.09064171,1.08,52,74,0.998793415,12.57,Sessile
33.50228361,14.49652645,0.88,20,39,0.999827675,8.6,Sessile
33.66518031,11.95327619,0.94,32,53,0.999936207,11.16,Sessile
32.69219219,8.860683885,1.13,50,79,1,18.88,Sessile
33.3931189,4.893213489,0.96,33,77,0.999936207,16.7,Sessile
34.52854164,0.732456073,1.17,68,64,0.999936207,12.69,Sessile
36.83415953,60,1.18,50,55,0.999676947,21.09,Downy Birch
38.72769993,58.49129112,0.9,10,48,0.999763882,9.71,Sessile
37.33109788,56.71082723,1.15,47,73,0.99954327,29.25,Downy Birch
36.68716055,54.60238315,1.16,47,76,0.99954327,25.7,Downy Birch
37.99148821,49.68268029,1.26,37,45,0.998815013,13.94,Sessile
40.48655477,47.65857397,0.88,19,45,0.999676947,12.09,Sessile
38.41255264,46.48721615,1.44,67,84,0.998729623,18.66,Sessile
40.97569134,45.26900401,1.25,38,74,0.998815013,18.07,Sessile
38.52176139,43.82589117,0.82,24,67,0.983715605,9.98,Sessile
39.53847281,41.37072517,0.75,13,54,0.998793415,9.29,Sessile
38.70752861,41.2407208,0.7,17,14,0.998878805,7.22,Sessile
36.39801657,38.4844995,0.89,38,42,0.9988633,10.31,Sessile
34.93566355,28.3647203,2.48,158,74,0.975454817,26.11,Rowan
34.74198367,31.15860676,0.85,19,55,0.998729623,11.24,Sessile
33.68063239,28.40434887,1.05,41,84,0.998729623,11.65,Sessile
28.40168213,22.78752228,1.12,51,43,0.985179957,12.07,Sessile
28.49050716,20.41721304,-0.05,-10,-10,0.984489798,2.7,Sessile
29.8905606,18.35209383,1.08,41,53,0.952205775,11.93,Sessile
29.86727131,15.94109259,1.18,59,78,0.998729623,17.23,Sessile
31.56499838,13.27576633,1.27,58,98,0.983729068,18.15,Sessile
28.90200184,13.0316143,0.85,22,20,0.999630205,6.88,Sessile
30.7205478,11.0173601,1.37,87,78,0.99954327,16.42,Sessile
31.33386119,6.958332695,1.18,56,71,0.990471618,16.24,Sessile
32.14412811,2.614461261,0.87,34,73,0.999693998,13.57,Sessile
34.72651777,58.27576128,1.28,57,55,0.999849272,22.35,Downy Birch
33.8975637,55.70814493,0.54,12,15,0.999849272,9.99,Downy Birch
36.18953634,52.01602507,1.12,59,70,0.988099355,18.29,Downy Birch
33.2131245,53.29983325,0.67,12,33,0.999763882,10.98,Downy Birch
33.33308959,50.20744859,1.4,63,73,0.999763882,28.14,Downy Birch
35.82126001,48.63314368,1.32,55,58,0.998815013,20.67,Sessile
35.33888928,46.16860682,1.21,43,87,0.998776365,18.62,Sessile
35.75690253,43.61973219,-0.05,-10,-10,0.999676947,0,Sessile
37.05201246,40.70539393,0.95,37,69,0.998642688,17.74,Sessile
34.21291867,41.62373846,1.26,59,34,0.998776365,12.24,Sessile
32.75852406,46.72148771,1.12,42,79,0.998729623,12.96,Sessile
32.78372295,43.9945667,1.11,33,76,0.999630205,11.9,Sessile
31.78554217,34.13793952,1.94,98,64,0.980832498,19.13,Rowan
30.55018215,31.61321785,1.54,88,79,0.998776365,20.58,Rowan
32.31910095,31.54036033,0.67,2,30,0.999630205,4.61,Sessile
24.27472589,27.93506079,-0.05,-10,-10,0.998642688,3.85,Sessile
25.95204814,26.37859163,1.22,62,81,0.999779388,13.56,Sessile
26.30491517,23.86586038,1.11,46,84,0.999693998,14.55,Sessile
26.09730147,21.61762716,0.96,31,71,0.982720061,12.22,Sessile
25.99925721,19.26766392,1.12,49,44,0.999630205,14.35,Sessile
27.27429494,16.9990847,1.2,65,77,0.99870648,12.7,Sessile
26.88872173,14.48635345,1,47,48,0.99870648,14.29,Sessile
28.44541322,10.52905605,1.02,36,65,0.998729623,14.25,Sessile
28.723665,8.250303824,0.92,34,36,0.998729623,7.44,Sessile
29.56104575,5.147538514,1.23,69,77,0.99954327,15.09,Sessile
30.73243439,0,1.22,62,81,0.998793415,15.24,Sessile
31.63002861,58.80052959,1.12,39,49,0.999849272,12.02,Sessile
29.64975766,56.36410532,1,35,66,1,13.65,Sessile
30.20908687,54.06824398,0.9,28,35,0.999693998,10,Sessile
28.77502033,51.97854162,1.24,65,77,1,22.11,Downy Birch
22.62652599,30.061218,1.59,80,35,0.9988633,20.72,Rowan
21.72001971,28.0774828,1.53,92,84,0.999035625,17.79,Rowan
23.22898684,25.83942258,2.5,152,71,0.999866323,30.45,Rowan
24.19868243,23.41824834,1.98,109,174,0.99980253,31.63,Rowan
23.23990484,20.15271501,2.15,158,97,0.998729623,32.8,Rowan
25.18872599,16.43956964,1.58,100,83,0.998729623,18.66,Rowan
25.96027896,11.72947017,0.78,29,53,0.999114029,8.93,Sessile
26.32413821,7.385598738,1.18,49,63,0.972316894,15.42,Sessile
26.86863861,4.852521485,0.87,28,67,0.998793415,10.58,Sessile
28.66701986,2.248233225,1,32,84,0.998793415,16.82,Sessile
26.6882595,57.73045097,0.83,26,21,0.999849272,7.01,Sessile
27.32934344,49.03555646,0.94,34,47,0.99954327,29.05,Downy Birch
28.47992651,51.36562679,1.24,65,77,0.990612802,22.11,Downy Birch
27.96909088,43.83072401,1.17,61,92,0.99954327,16.81,Sessile
28.50328984,40.42135702,1,40,59,0.999630205,12.49,Sessile
32.40842226,31.48724373,2.05,119,45,0.999630205,20.07,Rowan
26.33070265,24.09295666,2.04,121,90,0.999693998,12.39,Rowan
26.80106893,21.21129788,2.37,151,83,0.999630205,13.44,Rowan
26.81735427,19.69495303,1.79,98,80,0.999630205,11.37,Rowan
25.8532087,17.19692828,1.21,64,65,0.998729623,6.87,Sessile
27.86264827,15.0582685,2.44,134,105,0.999012483,14.88,Rowan
28.22338974,12.9634337,2.28,143,55,0.978304353,13.51,Rowan
27.56416343,10.52676395,1.82,114,73,0.990452137,10.21,Rowan
28.67996172,8.431929158,1.1,51,107,0.998729623,6.5,Sessile
29.50140242,6.249444376,0.74,21,31,0.999630205,5.09,Sessile
29.63768285,4.145844586,1.17,48,55,0.999607062,8.16,Sessile
31.23622496,1.174509883,1.05,46,62,0.998793415,7.45,Sessile
24.91100353,59.51582954,0.93,33,47,0.999936207,11.39,Sessile
25.68385858,55.09777409,1.36,76,74,0.989923355,17.47,Sessile
25.9778881,52.36422837,1.19,58,88,0.99980253,12.62,Sessile
25.01606237,49.51972692,1.55,89,61,0.999607062,15.77,Sessile
25.92904403,46.36253204,1.04,44,36,0.999630205,9.08,Sessile
26.06473118,42.02517167,0.88,17,71,0.998729623,12.6,Sessile
26.64208205,35.40817538,0.93,35,87,0.999693998,10.79,Sessile
29.05912665,32.50514755,1.2,59,68,0.998729623,12.69,Sessile
29.58012819,29.98500619,1.05,47,78,0.998927093,16.46,Sessile
25.02076118,21.52468629,1.65,80,55,0.999630205,10.05,Rowan
23.10717175,20.81687292,1.17,47,81,0.981565046,10.85,Sessile
24.42871861,19.49335805,0.84,6,33,0.99954327,3.79,Sessile
22.88536399,17.86306822,0.88,30,29,0.982580721,4.49,Sessile
24.03382329,15.61046344,1.24,57,66,0.998729623,6.44,Sessile
25.88398949,13.96264361,2.23,153,167,0.999693998,15.71,Rowan
24.85356496,10.018394,1.78,97,155,0.982987072,15.14,Rowan
26.1115015,8.055034195,0.91,39,58,0.990434211,7.15,Sessile
26.84792093,5.618364439,0.86,35,27,0.999630205,5.73,Sessile
28.43619735,2.349019765,1.2,61,72,0.998793415,8.79,Sessile
24.14643408,57.43793132,0.97,42,56,0.999936207,9.46,Sessile
23.67135447,53.75621844,1.03,36,57,0.971619185,12.55,Sessile
22.98765466,51.08319403,1.51,111,62,0.99980253,17.41,Sessile
23.3648208,47.44182869,1.12,55,69,0.999693998,14.25,Sessile
24.48362795,43.39698797,0.85,20,66,0.998729623,10.76,Sessile
27.08144734,34.73924567,1.1,55,54,0.999693998,11.91,Sessile
26.44348627,32.68471975,1.07,42,52,0.989861965,15.2,Sessile
26.95385513,30.10250192,1.34,71,64,0.9988633,14.08,Sessile
23.15695184,23.86041284,0.84,23,21,0.99980253,4,Sessile
22.64704174,21.16351125,1.04,45,61,0.931774974,7.55,Sessile
21.42787759,19.0551081,1.32,69,58,0.998815013,8.48,Sessile
20.52126042,16.33795837,0.92,36,57,0.99980253,7.04,Sessile
22.03122608,14.63754854,2.09,142,81,0.961127289,16.07,Rowan
21.76177322,10.83353892,1.48,68,67,0.962555509,10.52,Rowan
22.87402617,8.957829105,0.93,40,103,0.985179246,7.14,Sessile
23.34014134,6.968174304,0.95,39,75,0.999693998,6.1,Sessile
23.00147853,4.715569529,1.04,47,77,0.998793415,6.38,Sessile
25.80554693,3.523529648,1.08,48,82,0.998793415,7.2,Sessile
22.95774216,2.366549764,1,32,54,0.977980021,6.54,Sessile
25.99014395,1.165744884,0.96,35,57,0.970479675,6.13,Sessile
23.38259833,0.227889977,0.85,30,58,0.998793415,6.02,Sessile
22.13276862,59.18296235,0.98,40,25,1,9.4,Sessile
21.73653063,56.41915597,0.83,26,42,0.999936207,10.93,Sessile
20.88803072,54.1092594,0.78,18,32,1,7.24,Sessile
20.83536305,51.61779891,1.25,64,58,1,19.01,Sessile
21.23898278,48.98512203,0.96,31,42,0.999630205,12.57,Sessile
22.6986983,45.32358293,0.61,14,13,0.999715595,3.63,Sessile
21.13489455,24.37187426,-0.05,-10,-10,0.99894869,0,Sessile
20.98543814,19.44520658,1,36,40,0.958239613,7.56,Sessile
18.95458928,17.79776266,0.78,21,39,0.961404187,3.52,Sessile
18.58103456,14.48854355,-0.05,-10,-10,0.999607062,0,Sessile
20.60967244,12.9809637,-0.05,-10,-10,0.982987072,2.66,Sessile
20.19947562,9.597674041,0.89,28,54,0.998793415,5.07,Sessile
19.95254273,7.143474286,0.86,30,48,0.999693998,5.76,Sessile
20.20063284,5.066169494,0.91,15,66,0.998793415,7.94,Sessile
20.0048447,2.90121471,1.14,49,89,0.998793415,8.78,Sessile
21.07505556,0.850204915,1.1,41,107,0.998793415,9.97,Sessile
19.60812831,57.28662805,0.78,21,46,0.999936207,11.36,Sessile
18.55220359,54.97673148,1.07,45,58,1,14.41,Sessile
18.99732648,52.09188248,0.86,33,60,0.999866323,10.37,Sessile
19.17329761,49.07590399,1.04,54,69,0.999693998,17.68,Sessile
20.5965717,46.92739758,0.88,41,73,0.990593322,12.34,Sessile
21.02997809,44.1635912,1.06,76,75,0.99980253,21.74,Downy Birch
23.45570194,36.83103105,0.8,25,48,0.998729623,10.95,Sessile
24.30631669,34.4401157,1.65,36,70,0.998729623,17.25,Sessile
24.22125522,31.6170742,0.99,49,36,0.973042895,10.16,Sessile
20.0095757,26.3356919,0.76,18,30,0.9988633,3.07,Sessile
19.42933317,22.45040969,1.28,70,56,0.990452137,6.73,Sessile
18.71721734,19.17786327,0.85,23,44,0.998965741,6.4,Sessile
17.31056879,15.6337223,0.73,11,31,0.999827675,4.46,Sessile
17.83177806,12.30605877,2.13,123,83,0.990572407,15.61,Rowan
18.08568525,8.098859191,0.7,15,31,0.998793415,4.26,Sessile
17.39348966,6.40721436,2.38,152,109,0.998793415,17.95,Rowan
18.04829263,0.964149904,0.96,45,94,0.998793415,8.18,Sessile
17.0459467,57.63966901,0.92,30,33,1,12.7,Sessile
17.31137794,52.71726933,0.92,33,60,0.990612802,11.28,Sessile
18.14601326,46.60461727,1.26,73,100,0.999866323,18.55,Sessile
21.31853236,38.60471514,0.78,20,45,0.998642688,13.21,Sessile
21.43549189,35.18832684,1.45,90,68,0.998642688,19.1,Sessile
21.71194168,32.42363021,0.95,26,37,0.99980253,13.48,Sessile
22.3180047,30.71645887,0.85,23,31,0.9988633,7.47,Sessile
17.0819884,25.49939264,0.94,27,37,0.999693998,4.84,Sessile
17.22265325,21.8132372,0.88,29,42,0.999827675,4.87,Sessile
16.35228946,18.93565046,1.02,42,48,0.9988633,4.61,Sessile
15.01597333,16.44235539,1.07,39,100,0.998793415,8.39,Sessile
16.45525807,14.0327636,1.01,38,77,0.999827675,8.78,Sessile
14.64288194,12.34988377,1.17,68,65,0.998927093,7.27,Rowan
16.22806754,10.15863399,2.42,197,126,0.998729623,15.47,Rowan
16.70201661,4.312379569,2.36,153,138,0.998793415,15.2,Rowan
14.81859881,57.96244931,0.87,28,84,1,11.71,Sessile
15.61879076,55.13812163,1.31,70,72,1,14.79,Sessile
16.69546635,50.03415803,1.12,62,72,0.98922375,17.06,Sessile
16.29263456,47.50235,0.97,33,61,0.999866323,10.79,Sessile
19.1707301,39.91889453,1.26,64,83,0.998642688,19,Sessile
18.8942803,36.72116667,1.01,45,80,0.998793415,16.6,Sessile
19.38338378,33.50990236,1.47,87,59,0.998793415,16.06,Sessile
10.09270339,32.5198772,1.24,63,62,0.999099418,6.91,Sessile
15.59621586,23.07352769,1.12,60,64,0.999693998,8.37,Sessile
15.01597333,20.63935297,0.83,15,36,0.999827675,3.79,Sessile
13.4334937,18.67617725,1.07,49,90,0.980826425,8.15,Sessile
13.69724031,15.00793249,1.95,65,59,0.998793415,9.53,Rowan
13.24887108,12.91507787,1.6,57,38,0.998729623,8.27,Rowan
12.81478898,10.70206393,1.79,38,63,0.998729623,9.31,Rowan
13.65427161,8.537109147,2.5,150,122,0.998729623,17.1,Rowan
13.78144955,6.442274356,2.34,130,125,0.998927093,14.45,Rowan
13.71622554,4.20719958,2.62,197,153,0.990452137,16.35,Rowan
14.8282038,2.296429771,-0.05,-10,-10,0.998793415,4.73,Rowan
12.59602297,58.69879189,1.75,84,107,1,26.05,Rowan
12.94033945,55.97533305,1.55,55,46,1,17.62,Rowan
13.48577159,53.31239552,1.26,61,39,0.999866323,13.31,Rowan
14.56091411,50.64945799,1.26,63,92,0.999827675,15.21,Sessile
13.31892939,47.20983035,1.61,90,96,0.999693998,26.6,Downy Birch
16.35306871,39.52869489,1.57,89,78,0.999693998,18.53,Sessile
16.18294576,37.29656326,1.05,38,46,0.998927093,10.93,Sessile
17.10798931,35.10161923,1.36,93,79,0.990452137,17.53,Sessile
16.48066092,32.55615038,1.21,67,33,0.998927093,12.94,Sessile
11.45539417,30.81420197,1.06,64,47,0.998927093,6.21,Sessile
14.67310274,25.80347332,0.96,38,44,0.990452137,5.59,Sessile
12.85325118,24.42337038,0.84,22,24,0.998793415,5.31,Holly
11.2795631,22.70740901,0.76,32,35,0.998965741,5.6,Holly
16.78774103,11.66621383,0.55,9,22,0.999630205,4.5,Holly
13.975326,11.10525389,0.59,22,22,0.999630205,6.37,Holly
10.71462596,10.89489391,0.59,11,25,0.999693998,4.74,Holly
10.20459801,8.21280418,0.89,33,28,0.988783197,7.07,Holly
10.57493471,5.837489417,1.34,52,111,0.998927093,11.49,Downy Birch
11.71373716,2.655794735,1.22,63,105,0.990452137,14.31,Downy Birch
12.29348851,0.192829981,1.05,49,94,0.998793415,8.94,Downy Birch
10.76924736,57.23619362,1.41,66,72,1,21.43,Downy Birch
13.88628591,41.18537053,1.45,88,71,0.998927093,19.06,Downy Birch
13.87565323,38.59642066,1.38,63,116,0.999693998,19.98,Downy Birch
14.1733684,36.21420031,1.59,96,86,0.985066715,22.28,Downy Birch
14.47108356,33.21030715,1.46,47,98,0.999827675,22.31,Downy Birch
14.8538602,30.29926125,1.54,98,80,0.998793415,26.28,Downy Birch
12.62467079,27.88583325,0.55,5,10,0.999866323,4.68,Holly
10.9015263,26.38100447,1.16,51,57,0.999866323,7.28,Downy Birch
10.19820203,23.21682075,0.94,38,24,0.998965741,4.12,Downy Birch
10.02237096,20.37494988,1.07,35,73,0.998793415,7.4,Downy Birch
9.275088913,17.32359309,1.96,95,91,0.998927093,9.39,Rowan
8.809136579,13.94362334,-0.05,-10,-10,0.998793415,0,Rowan
8.439891333,11.29424349,1.12,43,82,0.998793415,8.47,Downy Birch
8.316809584,7.957284116,1.06,35,38,0.998793415,5.85,Downy Birch
7.527411068,5.539479447,1.48,86,79,0.998793415,7.34,Downy Birch
9.503471714,3.891659611,1.37,79,88,0.954676596,11.76,Downy Birch
7.675688689,2.515554749,1.52,85,101,0.972756776,8.9,Downy Birch
9.767815602,1.393634861,1.24,52,62,0.998793415,8.98,Downy Birch
4.259320246,58.38609847,1.26,35,55,1,12.57,Goat Willow
4.488332901,55.88455109,1.53,105,111,1,21.74,Goat Willow
5.635322768,53.66849609,1.28,73,106,0.999866323,12.7,Goat Willow
5.773547666,51.08024732,0.9,24,47,0.999693998,8.74,Goat Willow
5.826711088,48.04206478,1.24,59,69,0.999866323,16.27,Goat Willow
5.731016928,45.86992304,1.06,49,57,0.999866323,10.88,Goat Willow
5.539628608,43.30502989,1.77,117,83,0.999693998,22.91,Goat Willow
5.975568671,40.52003799,0.94,24,48,0.998793415,14.36,Goat Willow
6.347712627,37.81880301,1.24,51,54,0.990452137,15.87,Goat Willow
6.528468263,33.26647164,1.8,125,58,1,21.69,Rowan
6.18822236,31.13108659,2.22,159,92,0.999693998,30.93,Rowan
4.606774019,29.85969417,2.15,110,55,0.999827675,10.71,Downy Birch
4.914478391,25.12692419,1.2,59,126,0.999693998,10.48,Downy Birch
5.213391209,22.17297275,0.97,37,55,0.998793415,6.46,Downy Birch
4.844145963,19.42578812,1,46,85,0.985179246,8.36,Downy Birch
3.129793036,18.22190572,1.07,62,80,0.965250869,7.12,Sessile
3.463872068,21.27486042,1.27,58,63,0.999693998,7.48,Sessile
3.657286244,24.24722779,-0.05,-10,-10,0.999693998,5.99,Sessile
4.25511188,26.82504999,1.94,87,60,0.998793415,10.16,Rowan
1.711722513,59.50574266,-0.05,-10,-10,1,2.22,Sessile
2.243496423,57.78956731,-0.05,-10,-10,1,4.19,Hazel
2.90272286,54.63717837,1.94,124,156,1,40.04,Hazel
3.040947758,50.34662426,1.58,57,46,1,11.64,Goat Willow
3.232336078,44.9544704,1.33,66,73,0.990570052,16.73,Goat Willow
3.551316612,42.61895105,1.37,40,71,0.999693998,18.61,Goat Willow
4.029787413,39.44525055,-0.05,-10,-10,0.990570052,4.39,Goat Willow
4.348767947,36.66900566,0.86,25,58,0.999099418,11.71,Sessile
4.731544588,32.36727295,0.93,33,37,0.989135264,8.57,Sessile
2.971545073,29.998444,2.3,139,116,0.999693998,13.89,Rowan
1.67039516,16.33449758,1.13,68,36,0.998793415,7.16,Sessile
3.041877501,13.41179373,1.21,59,68,0.999866323,7.7,Sessile
1.230817486,11.16842381,0.97,34,42,0.999693998,6.72,Sessile
2.78692245,9.134709306,1.42,77,52,0.999693998,6.93,Downy Birch
0.106326845,57.20647427,-0.05,-10,-10,1,0,Hazel
0.478470801,55.04403123,1.71,88,164,1,40.41,Hazel
2.573109641,47.52082281,-0.05,-10,-10,1,0,Hazel
1.892617835,52.60479275,2.04,141,163,1,46.87,Hazel
0.69112449,42.63559291,-0.05,-10,-10,0.999693998,5.98,Holly
1.371616296,40.38543776,-0.05,-10,-10,0.998793415,0,Holly
2.041475418,37.50000473,0.61,12,10,0.998965741,5.35,Sessile
1.775658306,34.73802631,-0.05,-10,-10,1,0,Sessile
0.159490267,34.20848379,1.23,104,72,0.999827675,21.33,Sessile
1.073901131,32.09485235,1.43,55,76,0.998927093,14.73,Sessile
0.105498642,32.90652761,1.5,92,33,0.998927093,8.93,Sessile
0.448369227,30.1157766,1.86,105,80,0.999693998,9.48,Sessile
1.336316128,27.72806051,1.67,86,63,0.998793415,11.59,Rowan
1.837434676,24.95263821,2.43,135,88,0.999693998,14.22,Rowan
1.248400593,20.49375538,-0.05,-10,-10,0.999827675,0,Rowan
0,7.968661156,-0.05,-10,-10,0.998965741,0,Sessile
1.49456409,6.026561363,0.71,18,32,0.998965741,4.45,Sessile
0.316495925,2.9250164,0.93,36,67,0.999693998,7.14,Sessile
0.079108394,0.219124978,1.88,96,77,0.999693998,13.16,Rowan
